company_id,name,patent_id
a9d256f6-26f6-4553-a8ae-1a1bf4de1030,Metal Works Ramat David,4488683
3ffdc6b4-9949-4395-9aae-f90cb3a18637,"DIVERGENT TECHNOLOGIES, INC.",11872626
bdcc4e9e-662e-4d11-bc1a-7beddcb4e431,U.S. Philips Corporation,5856666
4840cedc-7dcd-4aa9-9d62-ee877f7ef128,Xerox Corporation,5204210
45778076-46c5-4875-ad40-97b3a381a155,Commonwealth Scientific and Industrial Research Organisation,5302149
849a1d8a-9308-40ce-9a86-ba9fda83709b,adidas AG,D397841
74c11be2-20ec-49fe-ac26-d839d375bd32,MITSUBISHI ELECTRIC CORPORATION,11652542
ea96c059-5267-4b52-ac70-4cd0915c519e,Hyundai Motor Company,D966936
dfdf1f1a-8f22-41dc-a7f0-855bde20ca67,CANON KABUSHIKI KAISHA,9104354
85f958bf-effb-48ff-b21a-64daf060259f,Cypress Semiconductor Corporation,6584517
8820c5e4-ce96-4425-8462-77643734534c,Keiper Recaro GmbH & Co.,4530541
23a84a9c-1ea8-4165-825f-59a421cf38e5,"Gale Australia Pty, Ltd.",6000175
32af5781-1f17-4d64-9a62-521c1f397b70,Korea Institute of Science and Technology,6277623
ff25d76a-ea22-40b9-b964-aeb3914ef616,"Motorola, Inc.",6970439
84602ba7-5412-413e-8419-edd008120b76,LIBERTY HARDWARE MFG. CORP.,D519753
b1688b11-53c4-46e0-951e-4f0a68d7444c,Johnson & Johnson Ind. E Com. Ltda.,8277428
0dc86831-8686-4967-a0f1-336eddd8cd49,Dow Corning Corporation,5145918
8c3c488c-e5ca-440a-bdd2-31697d75df48,"NGK SPARK PLUG CO., LTD.",8394248
724f247d-f06d-4999-bf12-989e3faf18f7,THE CHILDREN'S HOSPITAL CORPORATION,8709412
ab02ca9c-5bcf-4acf-bdec-82b74c97c861,SONY ELECTRONICS INC.,6940219
581610b2-e9d8-48b1-b2ae-4cc673b9e8f6,Dade Behring Marburg GmbH,6791676
14b95532-3183-42dd-8af6-d3b1ebaa8719,Xyrofin Oy,6221422
ab103576-f045-4a48-8713-86301a0f9f4c,"Crosslink-D, Inc.",6429787
fb2b22ce-39b7-4e23-a11f-85a9ff26d1d6,"NIPPON ELECTRIC CO., LTD.",4051388
93f8c962-7a18-45c0-b192-7a141f9a8b6c,"HITACHI, LTD.",D259782
77720265-b901-4fab-bda5-99a268361ac3,The Standard Oil Company,4544673
8ab402a0-baac-483c-b51d-c76d465b7078,Mobil Oil Corporation,4268749
50939cc4-d571-4bdf-9ce5-884ebbbedc41,KwikSpace Guam,10000939
b243e11a-1cd8-444b-9f52-afbb6746d6c4,Dowty Fuel Systems Limited,4291532
f03635c8-6b6c-4f2b-bb6c-b52678f56aae,QUALCOMM Incorporated,10163871
70f77b8f-fb49-47a0-8660-3e24907c0557,"Minolta Co., Ltd.",6943792
f4775366-9d5b-481f-a7f7-7faf3e386e43,Roche Vitamins Inc.,6376222
491ed4e9-453a-47a1-99c1-281da294ad84,RENAULT S.A.S.,10481787
55715b8e-9037-47c9-8e27-a2acf13d6047,Intel Corporation,12255972
3e28bd09-695c-46ca-9615-15159965a55e,Semiconductor Manufacturing International (Shanghai) Corporation,10629493
d278fce1-da5f-4399-844a-0339e842eec1,Serco,5097557
14033969-8355-4455-a7b2-bfca056f8913,Alcatel N.V.,5355402
ab63516f-63bd-4d65-a440-0683deb6223a,NIFCO INC.,8162369
ad91ccef-31e4-4167-a5f7-0bce362c9ff1,"Coulter Ventures, LLC.",D1055183
4db5a4e3-9d5e-4b15-aa26-f0f5de280e0d,MILESTONE ENTERTAINMENT LLC,11620876
a45783ae-9cec-49bc-bc2e-7b064aaa5907,Raytheon Company,4110045
1b07134c-9d99-4340-92f5-eb3884a8e444,THE DOW CHEMICAL COMPANY,4367310
6fc24e46-a97b-493f-8697-d53eebdd91c6,Dynamit Nobel GmbH,4126755
93f8c962-7a18-45c0-b192-7a141f9a8b6c,"HITACHI, LTD.",9978004
7bc63741-7a2f-483e-ad10-222db3eaebb0,Technit-Technische Textilien und Systeme GmbH,5765400
ade1200b-07aa-45ea-9d0c-f4ac0d415c48,"Zhuhai Kelitong Electronic Co., Ltd.",D991733
c0bcf07d-7732-405c-a8a9-9a41601478fb,"SHIN-ETSU POLYMER CO., LTD.",4203088
83c849be-f31a-410b-abcb-b9ed098533ca,"ROHM CO., LTD.",7576531
46150e0c-8edb-4d25-8256-5f90d9acc689,UNITED TECHNOLOGIES CORPORATION,7555904
906da649-dd98-4eac-a78c-d5dc3cc385b1,LG ELECTRONICS INC.,8274939
2798536d-2fc6-43a2-816a-f7d6fd8fec98,Stanadyne LLC,4336781
c5df4c94-39b1-4147-8c10-3aadb7c96e2c,"AqueSys, Inc.",10667947
7385c5f4-3dd4-4af5-b395-b0b5e8fe0b00,California Institute of Technology,8536545
cb5367eb-ebac-459a-b013-d92860572522,"Nissan Motor Co., Ltd.",4521665
ff25d76a-ea22-40b9-b964-aeb3914ef616,"Motorola, Inc.",5032825
67c9606b-94c0-4992-93e2-8f2b69aafd0c,RCA Corporation,4470871
f77ea771-4d01-4e78-99c3-d8ad15b224a6,Photonetics,5115677
bbf99fa9-45ef-46e1-8a5c-9cb25335c2a1,"Fibre Glass-Evercoat Company, Inc.",5747094
7ec24c7e-9cf7-4ae1-bc02-ac20b29086ec,Kabushiki Kaisha Daikin Seisakusho,4589293
43b0639e-bcce-4acf-95c8-c823e0193a95,Google Technology Holdings LLC,9955153
e95e8e24-abc4-48ca-a4e6-533f93c4b054,Tesat-Spacecom GmbH & Co. KG,10128811
c3f2e476-234a-44dc-b639-5e6b7a420022,INDUSTRY-UNIVERSITY COOPERATION FOUNDATION HANYANG UNIVERSITY,7829045
dfdf1f1a-8f22-41dc-a7f0-855bde20ca67,CANON KABUSHIKI KAISHA,12477602
55bc7465-2823-418d-9835-41d555c610a6,SONY GROUP CORPORATION,D478908
f68061b9-5827-43c8-8f62-33cae08b6d16,Siemens Aktiengesellschaft,7425149
50ea4207-4a29-45ae-888e-bb528bbab3be,Injectaplastic SA,D330162
dfdf1f1a-8f22-41dc-a7f0-855bde20ca67,CANON KABUSHIKI KAISHA,6515409
87bbd77e-54e0-4d95-9c1b-7843963c09eb,TOYOTA JIDOSHA KABUSHIKI KAISHA,7901319
37ba5e07-ee1c-48d0-9bb4-4aa311514c07,"GOVERNMENT OF THE UNITED STATES OF AMERICA, AS REPRESENTED BY THE SECRETARY OF COMMERCE",11493476
5836917d-49a2-4ca8-9a83-4734f00e8485,"Fleetfoot, L.L.C.",5745055
c835b9d2-3d1e-4896-84ac-bb26f2826bbc,Rohm and Haas Company,5457176
6674b19e-00dc-4dad-8048-ebfc1273f51c,Verizon Patent and Licensing Inc.,10270825
68b27ba5-0f6e-4a58-ba2e-cffb0215e094,"Lifetime Products, Inc.",D525810
e2852a20-57a2-42e7-a044-24170686d69a,"The Population Council, Inc.",5342834
d6f138ea-5fbc-4de0-b58f-9080a787105f,BASF SE,4252531
dc4f8ba6-ebfc-483a-9feb-5e64800815bb,Charbonnages de France,4296081
ff6a0dd6-ce8a-40db-91a8-6e93655b3a73,AIRBUS OPERATIONS LIMITED,8636251
7f7f1d2f-d858-4e97-8723-87f06ac28989,"CISCO TECHNOLOGY, INC.",7827251
3cf1d97e-4d20-4ab2-99d5-b6884af195a7,"10x Genomics, Inc.",10669583
1e1339a0-dae5-482f-ba1c-e9a06b8386e4,JONKER LLC,10839086
fb59ffef-8e77-4392-827a-a9c35616fb16,CHUNG HUA UNIVERSITY,9502744
ec4c46d0-6341-44da-94e6-ffea20643da2,Sapal Societe Anonyme des Plieuses Automatiques,4293774
e4de33a5-523c-4cee-94b8-af4c8051a296,YAMAHA CORPORATION,5740253
8f4094b7-206a-49cc-bada-d91974888071,The Procter & Gamble Company,6930078
8e0bb2dd-1262-4464-8f42-47fefb224f1e,ASML Holding N.V.,9904173
64013197-abc2-4d02-95fd-af904f8e24f4,ANRITSU CORPORATION,7011529
af4b406c-7dde-4f27-94f5-d3f8380a469d,Mercado Medic AG,6328380
ec772f92-6069-4b93-ac93-7526a11b220a,USUI KOKUSAI SANGYO KAISHA LIMITED,4991765
65294219-40df-439c-b76e-76a85317435e,Oiles Corporation,5761856
b8ae2d5d-1247-414f-8283-3b1b5e559dd6,"Japan Servo Co., Ltd.",6746173
3b43422e-5909-4324-989b-fd7298921ca8,"SUTENG INNOVATION TECHNOLOGY CO., LTD.",12326524
8992db46-bb5f-43b4-822e-33547222055f,"Haier US Appliance Solutions, Inc.",12442122
1d4a3263-81e0-42e2-9285-34101f7de27f,Microsoft Corporation,6000832
29b8f534-149e-443c-b76b-3c4a222da89c,International Business Machines Corporation,4903266
a2128e7d-84f8-477d-864f-e2805921b359,Gardena Kress + Kastner GmbH,D313269
533e0469-baac-46b7-9576-669db08092eb,"SAMSUNG DISPLAY CO., LTD.",6235623
dfdf1f1a-8f22-41dc-a7f0-855bde20ca67,CANON KABUSHIKI KAISHA,6801554
97ed5df6-7345-49c0-b1b8-42a1ec75baf1,Waymo LLC,D857745
ace39363-f02c-4ec4-bd9e-ffa4b996f3d3,"Harman International Industries, Incorporated",9571935
c0750c9e-b866-411f-9b2d-b57210bca8b8,Everest VIT,6830545
d1dff8a7-7ce7-463d-ad9c-1e19d714fb7f,PONTIFICIA UNIVERSIDAD CATOLICA DE CHILE,12424123
53cc491d-015e-4686-aabc-3e7e4f41e492,Abbott Laboratories,3969336
0ed3b5da-e166-4ce8-bb57-768914cc7e2e,"Halliburton Energy Services, Inc.",8899346
b904f566-62d6-44a5-8689-7b5c5a3a1a19,General Electric Company,11035250
37cdaf50-125e-4031-8cff-31e1afdd3708,SIGNIFY HOLDING B.V.,10813195
f005e862-f69d-43f2-994d-734e7887d63a,Koebenhavns Universitet (University of Copenhagen),9056135
bd8bd618-aae4-42d7-9429-21611ea4c325,Mannesmann Rexroth AG,6499295
26874762-b4a4-4ebc-8e50-235fc1cd3b47,KOREA ELECTRIC POWER CORPORATION,10379935
0bc189af-3eb0-4f95-9c77-b230b103c2cb,PANASONIC HOLDINGS CORPORATION,8314450
4f93e940-5dbf-4dc4-acf3-ef2408ea9340,Beihang University,9578312
85b67cfa-135d-4357-aac9-938aa1f65656,Kohler Co.,D807989
8bcf2d52-ac35-4fcc-9f7f-a647d46c43e3,OrCam Technologies Ltd.,9898663
36be6c59-01ae-44f0-baaa-78958210dfde,"T-Mobile USA, Inc.",12164489
ba50ed3d-81eb-43fa-a2dd-c59fe5f91383,"Anderson-Cook, Inc.",4729232
2c0cd0c3-e985-4224-9060-b5d12cf2f289,Saint-Gobain Vitrage,D402047
5a10ee7a-c149-443e-ae07-f9873cd6ee6d,"TIMOTION TECHNOLOGY CO., LTD.",11788611
019f00ba-5999-43af-a3da-dac8860dd220,"GUANGZHOU SHIYUAN ELECTRONICS CO., LTD.",10944934
bef3e5fe-e6bf-41bf-be80-f3b7c89242d9,Tyco Healthcare Group LP,8192426
02efbc81-a5a4-42d7-932b-7d5796d3f80b,Rubbermaid Incorporated,D499514
318a5e62-6b84-4775-b468-bf4749f39f35,ALFOREX SEEDS LLC,10820564
17b756b2-5243-4284-9053-957d4df02f9a,DEERE & COMPANY,7404355
a8ff5b01-5396-4174-bd3b-0245cf192b9b,"The United States of America, as represented by the Secretary of the Navy",5706192
937ff1e7-d996-412c-aa90-41763f7b8b11,Wyse Technology L.L.C.,9213537
118565fb-5037-4fb5-b31c-a1c6e7674c02,KONINKLIJKE PHILIPS N.V.,11490867
29b8f534-149e-443c-b76b-3c4a222da89c,International Business Machines Corporation,11984401
4ab68e87-2ca3-4737-bd3a-9e7ed5e65841,Universal City Studios LLC,10843092
7d8588ec-8ba6-4788-8590-ca3438b51377,"InterDigital Patent Holdings, Inc.",10397290
949909e6-4429-4c3f-9d54-5978e74bc893,EZflow L.P.,6277280
49a37e6f-3d15-4ce8-856b-698fe9ac4287,"Sequenom, Inc.",11401551
c957fb8b-d6ef-4271-9686-04f6a1807c1e,"Brainscope Company, Inc.",8700141
bbf1d5f4-e1ef-44df-ac2a-929d2c341942,KOMATSU LTD.,8321085
91896e66-dfbb-4c89-8418-a0d710026e1c,HARRIS CORPORATION,5504801
ff5c26dd-8e2b-4c70-9ed6-8c2cdee2f566,Self Sime Italia Ricera & Sviluppo S.r.l.,8262261
0ec9eb70-213a-40f8-8747-243a410b72ca,SESSILE RESEARCH CORPORATION,11517000
048b2efe-1ff2-4857-9bbc-18422f0f1910,GOOGLE LLC,11989392
27de0b49-ded4-4de2-8e74-49a72dfa2d7c,Dolby International AB,12322404
8592d210-4a4c-4468-b903-3024c200d0c8,"AirFlow Direction, Inc.",11415475
39fca4e5-7261-4526-8f83-9781bff21b24,"CONNECT NOW, INC.",10410302
f1dd9d80-dc90-4ad0-a89e-892f5580c67d,TENCENT TECHNOLOGY (SHENZHEN) COMPANY LIMITED,12154431
55715b8e-9037-47c9-8e27-a2acf13d6047,Intel Corporation,7570696
88de0958-1455-41f5-9d4b-383c0f42c07f,Metra Electronics Corp.,D912038
e158008f-001b-4327-b2b9-9d9f64b64919,ASML NETHERLANDS B.V.,7116400
69383809-71f8-45ef-b137-eaa3ade9869b,BSH Bosch und Siemens Hausgeräte GmbH,9010884
8ef2c9de-2a27-4cd0-8599-6722f036c7d4,Univerza Edvarda Kardelja v Ljubljana,5231216
84a438a7-7032-40b7-b7e7-23ecb8ba33fb,Newell Operating Co.,D463917
5952964e-63c6-4284-9012-0fdd0643f715,Fujitsu Limited,5987078
9921f15a-8121-4f1a-94af-8eebc794a42b,"Montage Technology Co., Ltd.",12184061
c6917367-707b-47bd-a76b-88d734bc85f6,AKTIEBOLAGET SKF,4255000
769b72c1-fad2-4927-9115-af4f77e5172e,YAMAUCHI CORP.,6391460
de60cc20-6d55-4e98-921d-a92afa901cdb,"SHENZHEN SHOKZ CO., LTD.",D1103972
74c11be2-20ec-49fe-ac26-d839d375bd32,MITSUBISHI ELECTRIC CORPORATION,5574991
3dcceced-141d-47f7-b78a-b1e9e21a0b8a,"Progressive Dynamics, Inc.",6184649
66e2c62e-301f-42e2-a6de-b62c87f792e5,"HUAWEI TECHNOLOGIES CO., LTD.",8724986
29b8f534-149e-443c-b76b-3c4a222da89c,International Business Machines Corporation,10885260
d530b05a-2539-4dbe-aa54-027b4ab9be0b,"Microsoft Technology Licensing, LLC",10515075
4936eded-ae03-4f33-83f7-669a952300b8,"SHENZHEN WINRISE TECHNOLOGY CO., LTD.",D867999
66e2c62e-301f-42e2-a6de-b62c87f792e5,"HUAWEI TECHNOLOGIES CO., LTD.",10979920
20e02a59-2ba8-400f-aa8c-ecab435f864e,"VIVO MOBILE COMMUNICATION CO., LTD",11343757
29b8f534-149e-443c-b76b-3c4a222da89c,International Business Machines Corporation,7325073
74c11be2-20ec-49fe-ac26-d839d375bd32,MITSUBISHI ELECTRIC CORPORATION,5652545
f0236bcc-a68f-44e1-92d1-2d6b157ca97e,Unisys Corporation,5408657
29b8f534-149e-443c-b76b-3c4a222da89c,International Business Machines Corporation,10452540
4ef2b9c8-d3e7-40d6-ac53-8694d8fe890f,Kabushiki Kaisha Toshiba,5126807
40432ae4-d8cd-48f7-bdc7-d2c3b1685719,NXP B.V.,10990785
cb6a8105-44d9-4fa8-9a25-d1ae30c2fae7,Nano Precision Corporation,7226024
d9306c5c-0682-4d06-9403-74ba052eb1d6,Oura Health Oy,10834535
0f9aaaa8-0c87-487d-91f8-47f5b1e34efe,ROCHE INNOVATION CENTER COPENHAGEN A/S,12180478
512138f1-dbcc-4c8f-9b39-1d1c6366c1a4,"Synopsys, Inc.",8086438
ab6c7692-2951-4ad1-99bd-b56927abe107,MAQUET CARDIOVASCULAR LLC,7534243
4d02b7ca-575f-4cad-8529-aa098a0d76aa,"SANYO ELECTRIC CO., LTD.",6960797
4c7daf25-83f9-40b2-934a-0ea4bd71a90f,"Graph-It, Inc.",5645178
0e3c64f0-f963-4fa4-96db-7915cc62aa37,Mitsubishi Petrochemical Company Limited,4582871
3ceb6f87-5ae1-4dc7-b11b-696780870d23,The Gillette Company LLC,D246605
ae000317-3435-4778-aa33-19697d1f148e,BISSELL Inc.,D1004870
a840e3a9-0c49-4453-903d-e71be82ad9a2,"Chotaro Engineering, Co.",7823172
a7b79334-35a4-48e8-8143-47f2bfd65432,TELEFONAKTIEBOLAGET LM ERICSSON (PUBL),9992017
15182395-39d5-496f-a262-cfb9fda60a63,"Micronics Computers, Inc.",5703760
1ba15938-bc8e-4d40-998b-a0668a9830a3,"Hewlett-Packard Company, L.P.",4641086
faaf0635-4865-4a55-b09e-4011a1210b5e,THE CHILDREN'S HOSPITAL OF PHILADELPHIA,7939063
ee19b405-e8a2-4bfe-8aa1-9f8fe50d3be7,"Amazon Technologies, Inc.",12417305
a026fdeb-c4d0-4c6a-9217-c884896462f4,"Coulter Electronics, Inc.",3973196
d16c20d6-e786-4687-b7ec-3a1a97b3ec1f,L'Oreal S.A.,6679439
3ce8b817-c4d0-4786-8b82-01ae6e352c9c,"RAWLINGS SPORTING GOODS COMPANY, INC.",D699895
7d2e2343-e96c-463b-bbe8-75451ac73230,Lembaga Minyak Sawit Malaysia,7531677
eaa008b9-163f-4a5e-a364-07c398ad3eb2,KOLIBRI BETEILIGUNGSGESELLSCHAFT MBH & CO. KGAA,11858080
a76cd634-2abb-44d3-9fdd-8137f3de78ae,MASIMO CORPORATION,RE43860
99a82a2a-c494-4f14-bec0-2bcb33b5c533,E.I. DU PONT DE NEMOURS AND COMPANY,6730823
4ef2b9c8-d3e7-40d6-ac53-8694d8fe890f,Kabushiki Kaisha Toshiba,9037031
38edc402-cc0c-4905-b977-d0759cf926c0,2336063 ONTARIO INC.,9598272
dacd194f-a5f9-4a3e-a1d7-2f6f81348ed3,Lear Corporation,6929304
853622bb-3ea7-4ef8-a8b9-86cb1e65fb4d,"Therapeutic Technologies, Inc.",5048522
294f36f6-0502-4b69-8200-c0ffde4c729a,"Dade International, Inc.",5739036
b15d2283-1043-4ce5-a753-34337789cc7b,"L'Air Liquide, Societe Anonyme pour l'Etude et l'Exploitation des Procédés Georges Claude",10215326
37023562-be24-4daf-a7e3-8f615b927f53,Filterwerk Mann & Hummel GmbH,5602373
10aa3d8e-b0ae-4c68-81ad-9e2dd031a07b,SAP SE,9396090
721d9994-c1c2-4895-8b4b-da77871a9c0b,A.W. CHESTERTON COMPANY,6557856
9234545c-0b3a-4abe-b3d8-b9c6099f2b85,BLACK & DECKER INC.,8091174
dd8e5360-f2b0-41a0-b4bf-d34613c415b4,OSHKOSH CORPORATION,11565920
77b0e539-7552-487c-8171-df9127f7fa66,"SUMITOMO ELECTRIC INDUSTRIES, LTD.",10122288
52c7ad01-5f2a-4b95-8f4d-84ccadb4ac2b,Oracle Corporation,6334193
6ce04dde-f383-4923-8798-780d1a608ed6,THE REGENTS OF THE UNIVERSITY OF CALIFORNIA,5660642
1d4a3263-81e0-42e2-9285-34101f7de27f,Microsoft Corporation,7458030
523e491c-04a0-4fa0-b13d-f4efc775837b,"SHEI CHUNG HSIN IND. CO., LTD.",9688370
533e0469-baac-46b7-9576-669db08092eb,"SAMSUNG DISPLAY CO., LTD.",6940331
1918bc79-3bf3-4be6-8ea5-c5438e714ae2,Infineon Technologies AG,8871630
1b7df2b5-6ba8-45e7-978f-a91d69bf49be,HONEYWELL INTERNATIONAL INC.,6858541
60d0d424-80a8-4d80-b4d0-a03ccc3a4c9a,Eaton Corporation,9304159
29b8f534-149e-443c-b76b-3c4a222da89c,International Business Machines Corporation,6310873
961de0c4-ba40-4d86-9531-6154e70d6470,NORTHROP GRUMMAN CORPORATION,5610705
6ce04dde-f383-4923-8798-780d1a608ed6,THE REGENTS OF THE UNIVERSITY OF CALIFORNIA,8007995
be5bfb50-6595-446b-a4d6-df8ab617ec94,A School Corporation Kansai University,9999075
041e8a5b-225e-408b-9189-fe0af7822493,A.E. Staley Manufacturing Company,4079025
29b8f534-149e-443c-b76b-3c4a222da89c,International Business Machines Corporation,7785934
3cfe78ad-dd7b-4a97-82f6-0777b8d2b94e,Orthomed Sarl,5454814
9ad71884-fa3a-475e-b26b-34321c2dcff7,Memorial Sloan Kettering Cancer Center,10421758
f94290bc-7c0d-49af-9797-828af77eb9c7,GM GLOBAL TECHNOLOGY OPERATIONS LLC,11645880
93036231-0e24-4efc-9030-73a3dd0d4e85,"MIYAKOSHI PRINTING MACHINERY CO., LTD.",9004660
9ba4a673-1745-4824-9c0e-812958e20bb4,Bishop Fox,11218496
75af58a7-54a5-41c1-8dd7-ee4f50e46e9d,Caterpillar Inc.,7984575
f92254c5-6003-4a97-866b-1da0e5fe77e7,"Acer Peripherals, Inc.",5744904
66e2c62e-301f-42e2-a6de-b62c87f792e5,"HUAWEI TECHNOLOGIES CO., LTD.",10630488
466fa08c-0be1-456f-b98f-ad4829beaaa2,Ecole Polytechnique Federale De Lausanne (EPFL),6067184
f46b8a20-8370-400b-af37-f9866977c7e3,"Conopco, Inc.",D625174
c38e0f23-4fed-4894-9231-b49a7c9c6787,BARCELONA SUPERCOMPUTING CENTER—CENTRO NACIONAL DE SUPERCOMPUTACIÓN,11436048
ca3eedcb-292b-495c-8f04-81e3aa3b4a78,Catalytic Distillation Technologies,7431827
d741637e-71a6-4101-a7db-0c2ba20a2958,The Boeing Company,11286063
901e83b5-d257-46d7-88bf-c3899a7a3f67,"Berry Global, Inc.",11530282
2fbab67e-3673-4864-8401-5964ed7c1951,SOMAR CORPORATION,5271620
29b8f534-149e-443c-b76b-3c4a222da89c,International Business Machines Corporation,7155401
3e0fba4d-6b56-42a0-a974-3117903cdeb7,Bayer Aktiengesellschaft,4276210
398098a3-6260-4080-b4b9-1d5ed20aba89,"Rochester Sensors, LLC",11860026
bd60fdad-58a6-4477-a109-dc81b3297854,"IDEMITSU KOSAN CO., LTD.",4539125
0b800e51-472b-4cd4-a8aa-4dc76f5b0b52,UNIST(ULSAN NATIONAL INSTITUTE OF SCIENCE AND TECHNOLOGY),12308430
b60c5c40-c606-4da6-a7f4-4fb756844aa9,Callaway Golf Company,9757622
55bc7465-2823-418d-9835-41d555c610a6,SONY GROUP CORPORATION,6522704
1d5a7ead-9e90-4953-9339-ce3553eda289,"ZHUHAI UNILINK TECHNOLOGY CO., LTD.",9820615
a65ea07f-5aee-4c2b-9ad8-b9e9b130631b,"Palau Pharma, S.A.",8476456
ee19b405-e8a2-4bfe-8aa1-9f8fe50d3be7,"Amazon Technologies, Inc.",11531846
533e0469-baac-46b7-9576-669db08092eb,"SAMSUNG DISPLAY CO., LTD.",6867055
8842ba54-c74f-4e5a-b125-f2ea48163211,"HOWA MACHINERY, LTD.",5688214
3c1b176a-b246-45eb-a51f-ffe64f7bcf0d,"System Create Co., Ltd.",7090069
55bc7465-2823-418d-9835-41d555c610a6,SONY GROUP CORPORATION,5897193
235eef56-e958-4a4e-842d-1f654fc8b93c,Masonite Corporation,D946174
8bd78eec-29db-4cd7-a70d-51f14b8b89c6,Crane ChemPharma & Energy Corp.,11287057
74c11be2-20ec-49fe-ac26-d839d375bd32,MITSUBISHI ELECTRIC CORPORATION,5120270
dfdf1f1a-8f22-41dc-a7f0-855bde20ca67,CANON KABUSHIKI KAISHA,11691424
3c6296ab-65b1-4cac-9f36-a8757041ae39,WEIDMÜLLER INTERFACE GMBH & CO. KG,5938488
6a360eeb-c3dd-429c-ab6f-f5d78fc52c7d,The Electricity Council,4167209
bc0a0c4d-29fa-4bc3-9a3b-b4bd32a5cdd3,Jefferson Smurfit Corporation,5967374
b23553dd-fa4e-4288-bd7c-a4b675a1227d,"KARL STORZ Imaging, Inc.",11666205
c0dd0b4d-fbbe-4965-b458-304bb690d1e8,Arm Limited,11589261
74c11be2-20ec-49fe-ac26-d839d375bd32,MITSUBISHI ELECTRIC CORPORATION,5642373
1b7df2b5-6ba8-45e7-978f-a91d69bf49be,HONEYWELL INTERNATIONAL INC.,7124487
8375f43c-a676-4794-a0a6-67b092640796,POWERCHIP SEMICONDUCTOR CORP.,7028433
8a03b7d9-0444-4dfc-9737-bf029c47a462,"FORD GLOBAL TECHNOLOGIES, LLC",7611190
457da951-87ee-4552-b6df-ee97af55afc2,Triangle Package Machinery Co.,6219993
08f91805-6459-437d-a3d4-def133ef77d0,Wistron Corporation,8964378
93f8c962-7a18-45c0-b192-7a141f9a8b6c,"HITACHI, LTD.",3973254
533e0469-baac-46b7-9576-669db08092eb,"SAMSUNG DISPLAY CO., LTD.",10043800
f758057d-653f-46a6-839b-754198f730bd,SAFRAN HELICOPTER ENGINES,11932410
8fd70c02-b926-4e69-a968-f28a56e605db,Amarantine N.V.,D258255
0c366465-e38a-4f8c-9292-e33ea65142e2,MANDOM CORPORATION,10787123
195cf2e1-d3be-48ef-86c5-c1134a77dfe1,"Fu Tai Hua Industry (Shenzhen) Co., Ltd.",9691922
f958ffa8-312d-49cd-98d7-f23267832b30,Societe D'Applications D'Electricite et de Mecanique SAGEM,5574271
85e143f7-b7b0-4718-8136-a8b6ddbe3e94,SR Technos Ltd.,5381170
6f65eaad-c3f2-459f-8d64-eb871462ca6c,"KANSAI PAINT CO., LTD.",6780902
af4c7e42-7ad3-4643-9c05-4025381f0877,Ford Motor Company,11673220
9d85c233-d177-4315-8245-3b92aad6c28b,Chevron U.S.A. Inc.,9952341
d882a3df-5db8-4831-b545-b89f6497a1a3,Board of Supervisors of Louisiana State University and Agricultural and Mechanical College,7097980
385560a3-3671-4fb7-b284-b0325157da84,Kao Corporation,5869532
ff76d76f-ac52-49e3-b79d-a564bc90208c,SAFRAN,12098936
36cef71c-44e6-4623-8a67-cbcffa445794,Courtaulds Coatings (Holdings) Limited,5149566
700ee0eb-3d4c-41f6-8f75-5100b9bd581b,BAE SYSTEMS PLC,11418265
9d85c233-d177-4315-8245-3b92aad6c28b,Chevron U.S.A. Inc.,8697594
533e0469-baac-46b7-9576-669db08092eb,"SAMSUNG DISPLAY CO., LTD.",11417954
ba6f1162-90be-44df-b18f-86ca6b1dd69e,Hilton Gun Company Limited,4648192
c5a61db4-8f0f-4476-9dad-588a20822e97,Comptoir Lyon-Alemand-Louyot,5075076
1e3fe876-6cc6-4a1a-a667-a2bd65e52ae1,R.G.B. S.p.A.,4944555
87bbd77e-54e0-4d95-9c1b-7843963c09eb,TOYOTA JIDOSHA KABUSHIKI KAISHA,9238402
fe1c40af-8a94-4777-a42d-414893532f5f,Verily Life Sciences LLC,10292608
58b84b36-913b-428b-b123-7b0b7f435ec8,Vancouver,5592691
73bea314-fd03-4a86-bd8d-038bb00ef198,JOHNSON ELECTRIC S.A.,5679996
164fb31e-ea0f-4571-b1d7-bde640ac5a7c,"Avid Technology, Inc.",10770045
b67d2f38-2bea-4492-b250-4cf5f52eab70,"CUREMARK, LLC",11364287
f03635c8-6b6c-4f2b-bb6c-b52678f56aae,QUALCOMM Incorporated,9508322
0e40ce48-0407-4267-93b6-8df488a39177,SYRACUSE CHINA COMPANY,D264296
a26f90c6-69b8-4e8b-9f5b-bfe43a1a404e,Graco Minnesota Inc.,11732708
62a9aa55-4efd-4416-92c1-4c7530ccf949,"Martigold Enterprises, LLC",11568717
6ae4930a-3454-4465-86ee-1dcb0f55b2fc,Chemische Werke Huels Aktiengesellschaft,3972843
9971439c-aa8f-4cf2-b787-3b80dc992cfa,NEC CORPORATION,5441595
bf2b5bc2-00b1-4a3a-98a1-79e091d08558,Innovative Micro Technology,10955336
331621c5-64ce-4538-af8e-0f5513742cf3,Lenovo Enterprise Solutions (Singapore) Pte Ltd.,9137930
58ef0a9f-a4ed-4f56-a0ff-a396e7a1b491,Water Security Corporation,8993643
6603ab86-c59b-4f42-92c5-30db1e9887f2,Atlantic Richfield Company,4049007
637582e1-d84c-4f61-9209-97035570545c,EnTec Gesellschaft fuer Endokrinologische Technologie m.b.H.,5614213
888eda16-9f0e-4c22-9433-2b97e4e630a1,"Lab Products, Inc.",5165362
dce3b1cd-7ba7-4b81-ac35-7d09eae1359b,LMT Radio Professionnelle,4377005
8aaaea41-4f5f-45ba-8aa6-707a07218d6c,Bayer Pharmaceuticals Corporation,7803956
40d746d7-78fc-4973-b926-1d0161e92b9d,"Shachihata Industrial Co., Ltd.",D275687
533e0469-baac-46b7-9576-669db08092eb,"SAMSUNG DISPLAY CO., LTD.",8558766
ec6dfeaf-5622-4da6-ae89-7cbf8d904b2e,Board of Trustees of Michigan State University,6410473
d441ba8a-375f-437b-b0b0-5669f3edefb8,Kloeckner-Humboldt-Deutz AG,5098368
361ffb07-0c17-47f5-a6e6-2018ada787c0,KORLOY INC.,6217264
8a361d71-30a7-4db6-b0ab-73636b36fe5b,"Hemex, Inc.",4326304
88638056-5bb5-4b60-8c17-24f1402946dc,Witte Automotive GmbH,11946295
9d6634ed-909a-4cf0-8c03-e7cc3a5b0961,Hansa Metallwerke AG,D445878
77b0e539-7552-487c-8171-df9127f7fa66,"SUMITOMO ELECTRIC INDUSTRIES, LTD.",4401998
b507b831-edcd-41ba-b913-5f0a65966bd8,Forestry and Fishries,5951506
cb5367eb-ebac-459a-b013-d92860572522,"Nissan Motor Co., Ltd.",12465990
9971439c-aa8f-4cf2-b787-3b80dc992cfa,NEC CORPORATION,5783036
9f6cb05e-bce3-4142-aad5-7f7b38a158ec,TE CONNECTIVITY SERVICES GMBH ET AL.,11264724
a7b79334-35a4-48e8-8143-47f2bfd65432,TELEFONAKTIEBOLAGET LM ERICSSON (PUBL),8838387
ac853623-5a99-45be-94e6-c4915fa768f4,"Shin-Etsu Chemical Co., Ltd.",11915845
87bbd77e-54e0-4d95-9c1b-7843963c09eb,TOYOTA JIDOSHA KABUSHIKI KAISHA,11772477
4aca4b90-da09-4851-92f6-e5658e9ca61d,Nortel Networks Limited,6298461
9971439c-aa8f-4cf2-b787-3b80dc992cfa,NEC CORPORATION,12412386
587aa06d-0264-428e-852e-6603464ffcce,"Virgo Optics, Inc.",4797893
895fc9a0-3868-4237-9c68-4118879f52b2,"DAQRI, LLC",D801587
230c3997-b227-4afd-be76-b42f549c0a5a,"NOTEVAULT, INC.",8949289
1548fb30-bae7-4aba-80da-e3dcf01b390b,Brother Kogyo Kabushiki Kaisha,6623192
1186af69-a13a-48fe-b2c6-d1c20a6b81eb,"Hitachi Global Storage Technologies Japan, Ltd.",6916557
88c962da-6df3-4f86-85ba-14c24c3cb600,"Taiwan Semiconductor Manufacturing Company, Ltd.",10804143
6147b723-38fd-4932-be02-76299eacc8e3,IMG Group Limited,5656081
a429ff76-df82-43a6-91a3-1a52b07bd681,MITUTOYO CORPORATION,6397667
b9240653-e653-4341-a25c-2788b9ff2eb5,"RVM Scientific, Inc.",6223584
a4c9e9be-489b-40ec-9ae1-3e1e893a62d5,Maschinenfabrik Buckau R. Wolf Aktiengesellschaft,4073661
ab02ca9c-5bcf-4acf-bdec-82b74c97c861,SONY ELECTRONICS INC.,9094729
fb12bbbc-4a8a-4b50-86a4-0bf6619cf644,CNH Industrial America LLC,10021834
eca00897-1c28-4eab-9b80-a7ce8f47af8e,I.M.D. Soft Ltd.,7831450
d9be2bbd-edfc-4202-bf9d-e3cf4c344b73,Trax Technology Solutions Pte Ltd.,10956711
5eaceda6-d637-4578-bbba-a40f5560b683,KONINKLIJKE PHILIPS ELECTRONICS NV,7203325
89f647d4-59cc-4858-9051-32aba3c013f4,"Ikanos Communications, Inc.",8705676
06cf80f1-42ba-42a6-b203-2a79447fca97,"Optum, Inc.",10938564
48710067-12ab-417e-aa22-0cb3e24efd57,Wisconsin Alumni Research Foundation,8889208
29b8f534-149e-443c-b76b-3c4a222da89c,International Business Machines Corporation,7797305
b23e3cee-e5d6-4ac2-8bbb-4707becdf7de,SK hynix Inc.,8107310
9341ddcd-cb70-42d1-9a77-c1d120af1a53,"H & S Manufacturing Co., Inc.",5042587
d1097181-f21f-4cfa-995a-7f16d587ea4a,"Hewlett-Packard Development Company, L.P.",7573282
3a6b2184-9e51-4e3e-9c6f-e0b3e21f6421,Roussel Uclaf,4257978
bef3e5fe-e6bf-41bf-be80-f3b7c89242d9,Tyco Healthcare Group LP,7507021
86e2d957-14eb-48e5-a42c-a1d571171da4,BUDDHA SHENG INTERNATIONAL LTD.,9532651
e4a38080-34e0-4ed2-be90-d80fb8688252,"Olympus Optical Co., Ltd.",4354743
d6d0f615-0be6-4f41-9685-73c3ddd014ae,MICHELIN RECHERCHE ET TECHNIQUE S.A.,D469056
8fd3c1d5-fae2-4f35-bcbe-c266e5cd93ef,SIEMENS GAMESA RENEWABLE ENERGY A/S,11462204
9598f088-2fab-465b-b09d-f6a33f111a17,"MARINE INNOVATION CO., LTD",D1007295
9181a46f-16aa-4ce2-85a7-00b0ecdcf8c2,"Kuvee, Inc.",9914631
8d3957b3-0431-419f-baa1-d445e683d3be,HOFFCO Incorporated,6155940
9d545c8b-42a9-4811-beb5-2c1fb2babaa6,"Navcom Technology, Inc.",7427950
1db23e41-6116-4ff7-9444-0119bc2d4b50,Silergy Semiconductor Technology (Hangzhou) LTD,11114931
d01b3382-9898-4e74-9f52-8e5a09ab79e9,Fustiplast S.p.A.,6668735
2ad1f6df-65c2-4ec7-be93-632dd81a3e13,Brooks Automation GmbH,8634633
f7de9ca4-d991-4028-a559-20e6c711d0ed,KONE CORPORATION,9637353
48710067-12ab-417e-aa22-0cb3e24efd57,Wisconsin Alumni Research Foundation,4225596
d7be4447-4923-4e6a-be22-de517bc6f026,"NTT DOCOMO, INC.",9451483
6ee8c61d-aa82-4e89-b6f9-4fec0aea9815,Flachglas Aktiengesellschaft,6020423
6dd92a3b-fa04-4f80-ba36-8e9dba603913,"PACESETTER, INC.",6648927
88c962da-6df3-4f86-85ba-14c24c3cb600,"Taiwan Semiconductor Manufacturing Company, Ltd.",12374592
1c631b96-8301-4819-bd8c-2e69e2ef6c76,Robert Bosch GmbH,6976642
53d298b2-8eff-445c-a379-c3a3a76534c7,KEMIRA OYJ,12332174
deb30313-8342-4e21-b6bf-0a855f880b7e,THALES DEUTSCHLAND GMBH,9599763
a42ba1ca-eafb-4dff-b0a2-604b53435405,Broadcom Corporation,7548726
cc350b07-a862-44df-8ba6-aad22a8433f4,AC International Inc.,5621627
ed6124a8-b349-4dd4-9e5c-0dff822131a7,MASSACHUSETTS INSTITUTE OF TECHNOLOGY,7947487
cc1ad218-7522-4ef2-8358-d6d7af56c517,Grain Processing Corporation,6746698
9597e59a-b42a-4679-ad31-71072b81eb8f,"GranBio Intellectual Property Holdings, LLC",10435841
d030e45a-545e-442d-91f1-b935bbb58b80,LAP GmbH Laser Applikationen,5675625
a37e8efb-d513-49f7-bbc4-5a001813cb55,Japan Energy Corporation,5880258
a7b79334-35a4-48e8-8143-47f2bfd65432,TELEFONAKTIEBOLAGET LM ERICSSON (PUBL),8892102
048b2efe-1ff2-4857-9bbc-18422f0f1910,GOOGLE LLC,8744997
1035b885-c93f-404e-a291-f32054619767,"RESEARCH INSTITUTE OF PETROLEUM PROCESSING, SINOPEC",8716163
55e42561-db64-4374-9801-b18967826715,JFE Steel Corporation,8623514
633f0e19-78c6-4c2f-b6ba-072f6b455689,"LG Semicon Co., Ltd.",6018560
55bc7465-2823-418d-9835-41d555c610a6,SONY GROUP CORPORATION,8902924
c176b1ec-709c-45ac-a2f0-533bb11bb5c6,"Kooima Ag, Inc.",12484485
a3af5e72-1566-4ecb-8b6b-a332e88731af,"DNF CO., LTD.",11230492
a8ff5b01-5396-4174-bd3b-0245cf192b9b,"The United States of America, as represented by the Secretary of the Navy",7671799
906da649-dd98-4eac-a78c-d5dc3cc385b1,LG ELECTRONICS INC.,D715246
7f343ebf-da91-47c3-a20f-c6339a7765dd,"Cargill, Incorporated",9758799
332d9641-5e34-4d08-97e6-39c4f9af61da,"PerkinElmer Health Sciences, Inc.",7800057
3da4c986-211f-4499-8d7a-d0c794021c02,"AT&T Intellectual Property I, L.P.",9565216
93f8c962-7a18-45c0-b192-7a141f9a8b6c,"HITACHI, LTD.",5313650
72995387-2ab2-4094-970f-e2d45e1f1a69,SUNTORY FLOWERS LIMITED,PP28290
d4cb575a-62e9-427a-a67b-64d70ea2f427,"Eragen Biosciences, Inc.",7741471
94dc617b-2262-4bdf-9ece-35e5a3eb4a76,Filter Art,10994231
1d4a3263-81e0-42e2-9285-34101f7de27f,Microsoft Corporation,D766984
13763022-57a8-48fc-95cb-8ae0f92011bd,Fronius International GmbH,10003383
7ec28067-ddf7-44ed-93dc-dbcf136e6167,Messko Albert Hauser GmbH & Co. KG,6709496
4249e588-7a1f-4eef-8092-8abf4abc953a,Panasonic Intellectual Property Corporation of America,8989264
ee638462-0444-4376-a3ff-1143429bef01,SEB S.A.,7487715
77b0e539-7552-487c-8171-df9127f7fa66,"SUMITOMO ELECTRIC INDUSTRIES, LTD.",4399463
55bc7465-2823-418d-9835-41d555c610a6,SONY GROUP CORPORATION,9728576
1c631b96-8301-4819-bd8c-2e69e2ef6c76,Robert Bosch GmbH,4090297
b61e22a3-4786-4308-aa49-7cbde59501c9,"SHIONOGI & CO., LTD.",6462241
f68061b9-5827-43c8-8f62-33cae08b6d16,Siemens Aktiengesellschaft,5748141
6674b19e-00dc-4dad-8048-ebfc1273f51c,Verizon Patent and Licensing Inc.,11689982
7e8d4993-5f7f-4d91-b7c1-5ad1dbd5d9b1,"Second Sight Medical Products, Inc.",8583241
88c962da-6df3-4f86-85ba-14c24c3cb600,"Taiwan Semiconductor Manufacturing Company, Ltd.",11437431
15396827-1340-4368-866f-bf9007f43098,Kyocera Document Solutions Inc.,10488809
56ffb6e9-2576-4f82-8d89-30d37f41a94c,TECNIPLAST S.P.A.,11399515
7b0659de-0b78-47b5-8206-08fc9f1ecab1,"Pro Tech Systems of Maryland, Inc.",8854180
aa20bd4b-74d8-42d4-bc18-2c8d3040ab7e,AXENS,11592088
2aa10b23-82f9-4c7a-bdf3-ad650ab22219,THE REGENTS OF THE UNIVERSITY OF MICHIGAN,10463734
26e3546d-1e3a-4686-8301-4df27624c372,"A+ Manufacturing, LLC",7134318
4f5abdc0-7f69-4716-960a-e283492b928b,"KAZ, Inc.",D483456
c40a6de9-bebc-4566-bcc5-057d27f33c79,"SPINE WAVE, INC.",12208020
15c4ddaf-40ae-4869-996a-1842c45d40e2,"Performance Display Group, Inc.",9339123
9bf20cd1-c7c3-4ad1-894e-de4c0f5f94de,Compagnie Internationale pour l'Informatique Cii-Honeywell Bull (Societe Anonyme),4449131
b904f566-62d6-44a5-8689-7b5c5a3a1a19,General Electric Company,4765132
944acdd5-f17e-44f8-9a32-846a48baeec6,"SHANGHAI KUMHOSUNNY PLASTICS CO., LTD.",10487206
6ce04dde-f383-4923-8798-780d1a608ed6,THE REGENTS OF THE UNIVERSITY OF CALIFORNIA,7225027
fd3b4ed9-fb12-4866-9885-282c43154b89,"LG Chem, Ltd.",8846243
6680ed0e-0245-4861-b305-ac79b0d8afdb,"TOYOTA RESEARCH INSTITUTE, INC.",11521028
2a92d070-3a1c-4003-b92c-5401dad274bf,"HUIYANG ZING EAR INDUSTRY CO., LTD.",D830979
290cf5cf-551e-420f-8894-9dbd301826a1,Lutron Technology Company LLC,D909788
2d378c80-83f0-471c-9ce7-c50c83b3c861,BBC International LLC,D426943
ea9b3e84-48ba-47ec-8903-1e151eab97c6,Merck Patent GmbH,8710284
5679b8a6-8c19-4878-9fb7-0d3679c06e83,DuPont Canada Inc.,4923004
c05f8532-ebf4-472b-9f39-3724b06bb8d0,THE ESAB GROUP INC.,D935499
920ab1d2-6ed6-402d-907d-314f1c0bd628,WEST CORPORATION,9094485
0350699e-0a64-42b6-8f35-7b721f8cb4dd,SAUDI ARABIAN OIL COMPANY,10401155
1b7df2b5-6ba8-45e7-978f-a91d69bf49be,HONEYWELL INTERNATIONAL INC.,8215169
141cd442-ad12-4f70-86fd-b0b794fddea7,Au Optronics Corporation,7728934
e26f6502-4416-481e-b15a-e69178b15dfc,"Micron Technology, Inc.",6571204
7aacb8f8-1d6e-4a8b-a275-4314427f8b6b,Carderm Capital L.P.,5439689
41dc471d-a24d-4faf-83c0-db9a8f1b9883,"FUJI ELECTRIC CO., LTD.",11621320
cd3304df-ae79-46b2-90b2-59524735adf2,"Selectech, Inc.",6071044
4ef2b9c8-d3e7-40d6-ac53-8694d8fe890f,Kabushiki Kaisha Toshiba,4651269
06bed6e9-5383-4a30-a0ab-40ab98cd0edc,"Toshiyuki Hamaoka Daiichi Seiyaku Co., Ltd.",4681856
c9ba1bb6-ab94-4eb0-9962-b13782cd4acd,Mannesmann Kienzle GmbH,4695048
1586807c-4488-47b8-82ff-7d09aa80fa88,"Clarity Medical Systems, Inc.",8506083
dfdf1f1a-8f22-41dc-a7f0-855bde20ca67,CANON KABUSHIKI KAISHA,11843886
f68c5b24-db57-4f02-8fdc-571bc8e71b2f,"Sonoco Development, Inc.",10448757
5d4f358a-1d7b-49f2-b132-6bb9c2cfd725,Tokyo Electron Limited,8444848
ce7880d4-1729-4a29-b993-9b31f2946913,"KnowBe4, Inc.",11108791
3da4c986-211f-4499-8d7a-d0c794021c02,"AT&T Intellectual Property I, L.P.",8631163
77b0e539-7552-487c-8171-df9127f7fa66,"SUMITOMO ELECTRIC INDUSTRIES, LTD.",6717508
da5426d2-7a1c-4d65-85f8-ceb3c99d578f,TDK CORPORATION,5077625
7385c5f4-3dd4-4af5-b395-b0b5e8fe0b00,California Institute of Technology,11757308
55053c89-6ad9-4912-92a8-94199a9820f2,"Global Therapeutics, LLC",5769866
e4a38080-34e0-4ed2-be90-d80fb8688252,"Olympus Optical Co., Ltd.",5339195
3cf648fb-b5d1-4c4a-95bf-e1226e728f37,B+BTEC INTERNATIONAL BV,D857772
cb611b09-7b38-4e94-bbe5-e2abf0385bd3,CORNING INCORPORATED,8673064
5952964e-63c6-4284-9012-0fdd0643f715,Fujitsu Limited,5649312
f918f0b6-bba7-4f00-a261-609122e727df,HKC CORPORATION LIMITED,10573251
988abd55-08cb-4eb9-80f6-d06dd9600068,IGT,9536394
77b0e539-7552-487c-8171-df9127f7fa66,"SUMITOMO ELECTRIC INDUSTRIES, LTD.",5384649
b904f566-62d6-44a5-8689-7b5c5a3a1a19,General Electric Company,9006925
681bb272-dacd-4789-b8d1-1c43e9ed8fbf,3M INNOVATIVE PROPERTIES COMPANY,9957358
fcfa28e4-e80f-4a72-bfe6-beb01416023d,Telecom Technologies Pty. Ltd.,D308867
29b8f534-149e-443c-b76b-3c4a222da89c,International Business Machines Corporation,10650111
c0f3c27d-a184-497e-be6d-a0db9f01d3e8,HUBER+SUHNER AG,9057862
533e0469-baac-46b7-9576-669db08092eb,"SAMSUNG DISPLAY CO., LTD.",D886831
bf109624-655c-46c4-8e1e-6884a23dc784,Societe Nationale Elf Aquitaine,4436658
3591423e-2b44-4d5b-8595-d43ebbe1cb89,Tokyo Shibaura Denki Kabushiki Kaisha,4056331
65ea45bc-4bc2-4ea3-acc9-a767c1cb5e2f,"American Bottlers Equipment Co., Inc.",4926999
55715b8e-9037-47c9-8e27-a2acf13d6047,Intel Corporation,9924432
bf72ec51-c46c-431f-8ea0-7eec2e84ff81,Konetehdas-Maskinfabrik NORCAR Ky Kb,4470475
b9802033-15b4-4d59-bef4-74daebc7d68d,Director-General of Agency of Industrial Science and Technology,5859217
77c7859e-28dc-4ef1-81ba-5a02b9cdc28d,"Rovi Guides, Inc.",12069333
7385c5f4-3dd4-4af5-b395-b0b5e8fe0b00,California Institute of Technology,8616328
bb189dc5-f779-4350-9bcd-42b961dc9c88,International Telephone and Telegraph Corporation,D247439
926823ac-8450-4319-9025-06572a2268d9,SICK AG,6904811
d296070d-cf62-4e8a-a308-4bceb53e02e1,Colgate-Palmolive Company,D478657
ac5ed98d-3102-481a-a299-496319daaa3c,"Medtronic, Inc.",11744518
9696b9a6-14bf-4aba-a7e5-acb5c0644a12,Fuji Rubber Co. Limited,4800243
9971439c-aa8f-4cf2-b787-3b80dc992cfa,NEC CORPORATION,5933846
9babf80a-7cc8-4290-a1e0-fde8a9403805,"SUMITOMO OSAKA CEMENT CO., LTD.",12092910
29b8f534-149e-443c-b76b-3c4a222da89c,International Business Machines Corporation,8161422
53568d07-6b7b-421e-8ab1-72c90e32af96,Thomas Jefferson University,7723030
9971439c-aa8f-4cf2-b787-3b80dc992cfa,NEC CORPORATION,5379277
cdadaa33-79ab-4069-afc2-1057e6b6c08d,"Eight Holdings, LLC",5114036
7dfcf143-250a-4a80-b2fd-1a8d5e69c3e8,Thomson Licensing,8561120
2a508377-4a0f-4c2f-b45c-c4f970fb4d20,SECURE-IC SAS,10361854
55bc7465-2823-418d-9835-41d555c610a6,SONY GROUP CORPORATION,8014521
9971439c-aa8f-4cf2-b787-3b80dc992cfa,NEC CORPORATION,9549384
bcf802d8-53dd-4e7e-bf4d-3b63625bdd3c,EASTMAN KODAK COMPANY,4128422
a7b79334-35a4-48e8-8143-47f2bfd65432,TELEFONAKTIEBOLAGET LM ERICSSON (PUBL),12213033
93f8c962-7a18-45c0-b192-7a141f9a8b6c,"HITACHI, LTD.",6914309
6cd6601e-ac45-4a0b-a391-3e14d4ddaa06,Heriot-Watt University,7304745
3d773e3b-499f-4c42-a60e-5704ed9abb22,"Kinze Manufacturing, Inc.",4986367
9f54683b-a055-4401-a312-5d60888223b6,Gebr. Happich GmbH,5533776
da258d86-b522-4ca8-b9c9-e44856d6d0f8,SPLUNK Inc.,D997957
533e0469-baac-46b7-9576-669db08092eb,"SAMSUNG DISPLAY CO., LTD.",11423251
c649ccab-98da-487d-8213-5175c00e8126,"Daifuku Co., Ltd.",10266351
0fe7174b-6eee-4bae-9d12-aef0399a82ee,"MIPS Technologies, Inc.",7925859
29b8f534-149e-443c-b76b-3c4a222da89c,International Business Machines Corporation,7844802
3dba04b4-d008-43dc-b242-32930721df51,"Far Great Plastics Industrial Co., Ltd.",5180176
b104ea10-c000-448a-a01b-e04fcc00c65d,Metallgesellschaft AG,4207083
84a9ecf4-8bc8-457e-aaef-25c56097b355,"PAN PACIFIC COPPER CO., LTD.",8030087
c414ac25-4d72-4838-bc91-8c759e4baa3e,KOSMEK LTD.,7758031
048b2efe-1ff2-4857-9bbc-18422f0f1910,GOOGLE LLC,9258279
8a03b7d9-0444-4dfc-9737-bf029c47a462,"FORD GLOBAL TECHNOLOGIES, LLC",7676321
d4da6eff-2052-4e79-99f3-97e3aa80b3ed,"Xilinx, Inc.",6100705
23b9961b-cdcd-414e-b2da-258a050c01aa,Conte SA,5244297
d75e4317-a7cd-40a4-9bea-89df484317fe,"Muvik Labs, LLC",11205408
4ef2b9c8-d3e7-40d6-ac53-8694d8fe890f,Kabushiki Kaisha Toshiba,5093698
4840cedc-7dcd-4aa9-9d62-ee877f7ef128,Xerox Corporation,8351100
93f8c962-7a18-45c0-b192-7a141f9a8b6c,"HITACHI, LTD.",7378662
29b8f534-149e-443c-b76b-3c4a222da89c,International Business Machines Corporation,9576022
2142ec0c-ae6b-4c81-a44e-602f2a3a77a1,Phillips Petroleum Company,4267307
69048f83-05b1-4abf-97b0-f2ee3761f3c7,May Patents Ltd.,9630062
d17234ce-2efa-459a-8681-7fc102953283,Milliken Research Corporation,5221124
62f0f164-cb69-48c2-9573-66ecd41c13cd,AT&T Bell Laboratories,4635263
83c849be-f31a-410b-abcb-b9ed098533ca,"ROHM CO., LTD.",6212149
328434ce-a701-4c29-8aef-e9a7d3722319,"MURATA MANUFACTURING CO., LTD.",5952970
416697d5-3e47-4894-ba44-c3b21c0b5557,Fehlbaum & Co.,D312177
4840cedc-7dcd-4aa9-9d62-ee877f7ef128,Xerox Corporation,6134747
29b8f534-149e-443c-b76b-3c4a222da89c,International Business Machines Corporation,10771585
328434ce-a701-4c29-8aef-e9a7d3722319,"MURATA MANUFACTURING CO., LTD.",6250162
6e84d62a-29d8-466a-9b04-cd4f9a318cf7,"BECTON, DICKINSON AND COMPANY",9341625
87bbd77e-54e0-4d95-9c1b-7843963c09eb,TOYOTA JIDOSHA KABUSHIKI KAISHA,4359192
7fa36de2-2f4b-4708-9b7e-cb2f05de7f85,"SUMITOMO RUBBER INDUSTRIES, LTD.",D1066533
dd9ddc78-68e7-406c-b3e2-ba89408771e2,"Raymond Lee Organization, Inc.",4076009
fa497132-26a9-47a9-981c-bf9dc0e48553,Staar S,4447900
c6b824e2-2548-4481-88c3-0f7d1491f099,"Prairie Technical Industries, Inc.",6427995
5eaceda6-d637-4578-bbba-a40f5560b683,KONINKLIJKE PHILIPS ELECTRONICS NV,8183756
6cc84715-740b-425f-ac71-ce4298e1fc6d,Tomra Systems OY,D435596
f03635c8-6b6c-4f2b-bb6c-b52678f56aae,QUALCOMM Incorporated,11343804
93f8c962-7a18-45c0-b192-7a141f9a8b6c,"HITACHI, LTD.",4614692
97760291-0b5c-48b4-baf4-588d102b53b7,"ADC Telecommunications, Inc.",D455720
55bc7465-2823-418d-9835-41d555c610a6,SONY GROUP CORPORATION,8581864
ff21cc91-569c-48ed-81f7-0ea2219a4676,Fisher & Paykel Healthcare Limited,11318265
1d4a3263-81e0-42e2-9285-34101f7de27f,Microsoft Corporation,D702184
1d2c2fed-d12b-4516-9c60-b1eb6ae100b3,T-MOBILE INNOVATIONS LLC,11558732
1918bc79-3bf3-4be6-8ea5-c5438e714ae2,Infineon Technologies AG,7326985
0e6b8315-4105-4c70-86bb-be9a17d61fdf,"Unger Marketing International, LLC",D685546
dfdf1f1a-8f22-41dc-a7f0-855bde20ca67,CANON KABUSHIKI KAISHA,7369744
3856a7f2-e98a-4f36-b78d-80a303b6a516,Zoetis Services LLC,12054518
88b00150-b957-48dd-bad2-2c9d34ad95da,ISC Chemicals Limited,5055138
ab02ca9c-5bcf-4acf-bdec-82b74c97c861,SONY ELECTRONICS INC.,8095178
6680ed0e-0245-4861-b305-ac79b0d8afdb,"TOYOTA RESEARCH INSTITUTE, INC.",11458891
29b8f534-149e-443c-b76b-3c4a222da89c,International Business Machines Corporation,8086577
57a9dc49-0166-49f4-87bb-6e3103986205,MITSUBISHI MATERIALS CORPORATION,9901991
16dadf0c-0a7b-47de-9a60-e612a9d3f34d,Deutsche Babcock Aktiengesellschaft,4193418
ae6dc204-c051-4bbe-a85f-08c89ae13ffa,"Educational Insights, Inc.",4757616
5c83f2b6-f1db-4ce9-979b-fb71742e34f9,"MIMAKI ENGINEERING CO., LTD.",11104139
93f8c962-7a18-45c0-b192-7a141f9a8b6c,"HITACHI, LTD.",6662659
0d787a0c-8e17-4178-9c75-239ca87ab361,"Codexis, Inc.",10781429
0f4139b9-4113-4ca4-a7e6-c2a9199881cf,SHARP KABUSHIKI KAISHA,8837304
fac014cf-3029-449c-ac39-20f6cd6a2990,KYMETA CORPORATION,11909091
ba611244-51ff-45a5-86da-af7df2fdbf82,"TECHCO HOLDINGS, INC.",4956590
cb5367eb-ebac-459a-b013-d92860572522,"Nissan Motor Co., Ltd.",7026742
8fac3c81-1f5f-4fa1-9e4a-2087fd535da7,UNIVERSITY OF KENTUCKY RESEARCH FOUNDATION,5488145
5b0b2179-927c-48dd-a8ee-211adb1d7e7a,"RICOH COMPANY, LTD.",10163045
29b8f534-149e-443c-b76b-3c4a222da89c,International Business Machines Corporation,9569724
40270566-0167-4036-9c62-5fb8fda0f747,"ACCURENCE, INC.",11481968
4ef2b9c8-d3e7-40d6-ac53-8694d8fe890f,Kabushiki Kaisha Toshiba,7913029
29b8f534-149e-443c-b76b-3c4a222da89c,International Business Machines Corporation,6426530
87bbd77e-54e0-4d95-9c1b-7843963c09eb,TOYOTA JIDOSHA KABUSHIKI KAISHA,7383917
534a985d-a3a2-4026-9c3c-075ed7287a23,"KST-Motorenversuch GmbH & Co., KG",5167934
d296070d-cf62-4e8a-a308-4bceb53e02e1,Colgate-Palmolive Company,8562956
2afcf065-78e1-4d7e-8e54-35fc5adb679d,"MALASPINA LABS (BARBADOS), INC.",9959886
04286cbe-09f8-4678-a777-007563e32936,General Motors LLC,6513886
f03635c8-6b6c-4f2b-bb6c-b52678f56aae,QUALCOMM Incorporated,11483855
fe0e94d9-8410-4e77-82fc-2e3bbd3a7d72,Zexel Valeo Climate Control Corporation,6860324
ffe3d9c7-9511-49d1-a145-22d90431fe84,RPX Corporation,9084100
9d9e6052-f35b-4f7f-98bb-973a4dbb3b8c,"Air Products and Chemicals, Inc.",6998507
b1589f68-9e34-4832-aab4-81e3ad1d90b5,Chrysler Group LLC,D586712
af98751d-5304-4c60-bf5d-38049fa1469c,"BLUEBEAM SOFTWARE, INC.",7600193
d1dca498-7408-4650-93cb-3f395f7fd81a,Steelcase Inc.,D336191
38cff6e0-fc52-4faf-9fa9-b72912600dee,Apple Inc.,8094816
402a376c-ecbf-4a18-b5ca-52ac77684dac,"USens, Inc.",10657367
74c11be2-20ec-49fe-ac26-d839d375bd32,MITSUBISHI ELECTRIC CORPORATION,4947376
29b8f534-149e-443c-b76b-3c4a222da89c,International Business Machines Corporation,8583734
385560a3-3671-4fb7-b284-b0325157da84,Kao Corporation,6645348
27eac8bb-13ee-450f-8e8f-0d41af802ee2,Pypestream Inc.,10659403
bea9162e-58ff-4153-a71a-837e866a544f,"Groupon, Inc.",10228829
08f25b24-e02b-458b-9ff4-393cee316eff,"Advanced Micro Devices, Inc.",6366610
877b4262-7552-45e3-adc3-c484b3095cf3,SEIKO EPSON CORPORATION,9475318
29ecc94e-9d6b-42d1-b7f5-f8cb9d044fd7,"GLOBERIDE, INC.",D785749
17909d2d-99cb-4300-b614-e4f1ad14a4e0,HUGHES ELECTRONICS LIMITED,6046556
19be5eaa-06d0-40ed-80ea-9caa7b66ef8e,"Impact Weapons Components, LLC",D762111
44eeda0d-2aa0-409d-af71-cbd2e435ac42,Universiteit Gent,12410222
0bc189af-3eb0-4f95-9c77-b230b103c2cb,PANASONIC HOLDINGS CORPORATION,D661666
d6f138ea-5fbc-4de0-b58f-9080a787105f,BASF SE,5852136
9e3fc65c-f7f7-4e31-86e3-b213e622bcc6,GLOBE UNION INDUSTRIAL CORP.,D618311
ebc17259-4330-4d0a-8e60-314323853f1f,"PRIMARION, INC.",7521913
93f618bb-90e4-4ade-9335-47a348120ecc,"Alpha Enterprises, Inc.",5782348
8780435a-504c-4006-8ee4-97e6b74b645d,SANDEN CORPORATION,6865445
4ef2b9c8-d3e7-40d6-ac53-8694d8fe890f,Kabushiki Kaisha Toshiba,7706408
6926e62c-3468-44f0-bf44-36cd59f19ae6,"Cequent Consumer Products, Inc.",8845155
8f4094b7-206a-49cc-bada-d91974888071,The Procter & Gamble Company,5061393
b1f192a1-1923-4f12-9ad5-d84a83450eff,"Bell Communications Research, Inc.",4683573
c201b109-e685-4117-a452-69e243f072b7,"Futurewei Technologies, Inc.",8995570
1d1dcc92-2327-4301-bac0-3f9bc23b1e55,Canon Medical Systems Corporation,11200976
d921172d-c820-4c2b-b38e-91f2e3ba3b20,"POWER INTEGRATIONS, INC.",7212058
f03635c8-6b6c-4f2b-bb6c-b52678f56aae,QUALCOMM Incorporated,11374542
d6af8c24-3d35-4a52-948d-ae07b3d3f9c3,"Tokiwado Kaminari Okoshi Co., Ltd.",4548830
0c565fb0-6a6a-4836-a167-a40b2327b131,"NINTENDO CO., LTD.",9101832
3a6b2184-9e51-4e3e-9c6f-e0b3e21f6421,Roussel Uclaf,3984398
f12e5060-d574-4b92-ab95-d56f60d2d710,"Omnova Solutions, Inc.",6034005
8d78b658-5e26-4426-89b3-3244a2cd5e0c,"Plantronics, Inc.",D898708
526f8219-bc6d-4f75-8c2e-1d0585a0957f,"Acalvio Technologies, Inc.",10348763
1195e555-a381-4b91-8731-4e05fc67dd1c,"SPRINT COMMUNICATIONS COMPANY, L.P.",8558893
e0f00197-b95f-425a-b083-3cc0f938b184,Panduit Corp.,9793664
2b896931-cfa4-42a9-b1ea-c460da318b71,SINOFAME GLOBAL LIMITED,9981180
3df07d78-1779-4a25-b93c-8e7f9d48ae63,Mitsubishi Metal Corporation,5004378
aa56afeb-9454-4ce2-afe9-2fbf4e1289c4,XIAMEN UNIVERSITY,9533035
0c565fb0-6a6a-4836-a167-a40b2327b131,"NINTENDO CO., LTD.",8758133
25572179-c0dc-4397-8890-bfd3f162a1a3,Persimmon Technologies Corporation,11691268
0c9ebedb-c3a1-4084-8fad-b280b75833cf,GlobalFoundries Inc.,8426262
7803b827-aa80-4dc0-a487-522dd5b51bcc,"St. Louis Medical Devices, Inc.",12036019
3cc8c568-163a-43db-8801-425cedf3ece4,"Kason Industries, Inc.",D395590
29b8f534-149e-443c-b76b-3c4a222da89c,International Business Machines Corporation,5773362
0f88ed73-b175-4091-9180-a481a0e9b9e4,SMS Schloemann-Siemag Aktiengesellschaft,5085067
978e0feb-6423-4a01-bb82-13f01b85bab4,NEC Electronics Corporation,7443239
7c274ded-9ea3-4bc6-a0c4-8de09e1650e6,UOP LLC,4370919
3ddb14ba-a3c2-40bf-b430-8c39047a7205,Kia Motors Corporation,9260027
8ab402a0-baac-483c-b51d-c76d465b7078,Mobil Oil Corporation,4037656
77b0e539-7552-487c-8171-df9127f7fa66,"SUMITOMO ELECTRIC INDUSTRIES, LTD.",6133058
95956a5f-9793-44db-9b74-9c2fb91c8af9,"LSIS CO., LTD.",9117605
3587916c-faae-4b3f-a6d7-af0bb02235cc,Mannesmann AG,6130183
87bbd77e-54e0-4d95-9c1b-7843963c09eb,TOYOTA JIDOSHA KABUSHIKI KAISHA,5575983
3c3dab00-f48e-438d-a379-91971f84c379,"SHENZHEN GOODIX TECHNOLOGY CO., LTD.",10969864
fdf798cb-8fb8-419f-b141-e7fde1150ac1,"SUMITOMO WIRING SYSTEMS, LTD.",11081256
0358cd99-b46b-4391-a906-e17049fa299f,OSRAM GmbH,9923129
96951188-973b-47d1-a7fc-1993ee2e8b2b,Vibrachoc,4566677
3dcb579f-be8b-42df-9458-46dfbfbe37c1,Interlego AG,D317634
906da649-dd98-4eac-a78c-d5dc3cc385b1,LG ELECTRONICS INC.,D1033480
92b1eaa2-c084-49d7-8050-12872ca65201,REALTEK SEMICONDUCTOR CORP.,11901866
209492cf-dfe3-494d-ae27-041c98ef84cd,SEIKO INSTRUMENTS INC.,6188266
1195e555-a381-4b91-8731-4e05fc67dd1c,"SPRINT COMMUNICATIONS COMPANY, L.P.",9258748
93da2099-698d-4776-8717-e613ccd65024,"Proxpro, Inc.",7424541
cbc31957-5625-4c60-be87-a8918629bba8,Texas Instruments Incorporated,5314340
bdcc4e9e-662e-4d11-bc1a-7beddcb4e431,U.S. Philips Corporation,4527017
09e4e357-2a9c-4d5c-b5b0-a04971553c8c,"CLEVELAND RANGE, LLC",5639497
dfdf1f1a-8f22-41dc-a7f0-855bde20ca67,CANON KABUSHIKI KAISHA,8477201
e90fd9ea-6069-444e-b013-1e5dabef5237,Korea Telecom,6027255
308e2cb3-23f3-4659-ac99-e76bf5691319,Tolco Corporation,5069245
6c440ce5-7e65-49b8-8144-884198ca55cb,Total Walther Feuerschutz GmbH,5806603
533e0469-baac-46b7-9576-669db08092eb,"SAMSUNG DISPLAY CO., LTD.",8728704
e84310dc-1429-4b86-bf0a-00ff7a215f56,Hunter Douglas International N.V.,6158563
2b541236-b993-4b49-8d24-face1629da72,AISIN SEIKI KABUSHIKI KAISHA,4370074
63e61fea-c8ad-4b10-8d92-b6c43f340ba2,Acer Incorporated,10735172
77eb1e85-3fe8-42c9-a8af-908d6a937515,GE PRECISION HEALTHCARE LLC,D1092740
74c11be2-20ec-49fe-ac26-d839d375bd32,MITSUBISHI ELECTRIC CORPORATION,4765532
b47f0bf6-8897-49bb-a54e-ed50c308256e,NOK CORPORATION,6951899
87bbd77e-54e0-4d95-9c1b-7843963c09eb,TOYOTA JIDOSHA KABUSHIKI KAISHA,10103091
1febdf00-5ab0-4677-9e05-411e3430750b,"Signal Pharmaceuticals, LLC",10040770
28bcd129-e6cb-42c4-801a-ebe19fda2b1d,"KOBE STEEL, LTD.",4321796
75afe400-30fa-474c-8145-8a62264f10a2,Macpac Wilderness Equipment Limited,6276584
5e8e41c7-0cbd-4859-8d10-a492adabd3f0,"Disney Enterprises, Inc.",10069730
39c965d2-eb9b-4508-af25-f6a8d1819f04,W. Schlafhorst AG & Co.,5794867
1c4f96b9-d666-4136-b6bf-b104abe9840c,E.R. SQUIBB & SONS. INC.,4207337
55bc7465-2823-418d-9835-41d555c610a6,SONY GROUP CORPORATION,5424869
f77f5297-06be-4d3b-ae57-53fc28ee208a,BlackBerry Limited,8984187
ad84488c-ea03-47f3-b6c4-4971e4f8f2a5,"YUNNAN HUAPU QUANTUM MATERIAL CO., LTD",12460290
6ff6299e-ea33-4033-81fe-c7e919ac4f9c,NV BEKAERT SA,11072205
328434ce-a701-4c29-8aef-e9a7d3722319,"MURATA MANUFACTURING CO., LTD.",5751093
347faccc-e123-4f14-9c99-e6f90327a9a6,"NGK INSULATORS, LTD.",5915761
894028c0-88d7-45ec-9b71-0b4d3ee6c0d7,CAMBRIDGE SILICON RADIO LIMITED,8649469
b1c7339d-b42d-49a3-8679-55c4d9881063,"Endgame, Inc.",11151247
99854384-67b2-4199-842f-a7943c5ef77e,PIERBURG GMBH,4865522
60890101-3425-40ea-9d43-5efc8dd18efc,"National Institutes of Health, Office of Technology Transfer",5317009
092a3735-145a-44e0-94cc-8f97562a8b5e,ZEON CORPORATION,12215825
71a10c30-469b-432b-bcc7-c4ee39dc49b1,TECHNOCOM CORPORATION,7142873
b3804baf-e3cf-42e1-a84f-ace2870c16f2,BURTON INC.,5915718
4840cedc-7dcd-4aa9-9d62-ee877f7ef128,Xerox Corporation,6317848
5873779c-7594-400b-8dd8-ace9d32e05ed,"SMITH INTERNATIONAL, INC.",4545241
28ad961a-474a-434c-8b38-a177aad410aa,"VIA Technologies, Inc.",6717885
609ee142-a2e8-4a24-b320-79a383f164ca,"Transmission TSP, S.A. de C.V.",6223874
3022a3bf-0a86-42b2-a643-0c3b7bbb8432,Akzo N.V.,4834930
ec41fe54-1536-43f1-9539-51ef50d30942,CANON FINETECH INC.,9586429
87bbd77e-54e0-4d95-9c1b-7843963c09eb,TOYOTA JIDOSHA KABUSHIKI KAISHA,10823042
cb5367eb-ebac-459a-b013-d92860572522,"Nissan Motor Co., Ltd.",6569055
4592bcdb-e86f-4602-af85-b1456087eea7,"Universal Innovation Council, LLC",11166074
533e0469-baac-46b7-9576-669db08092eb,"SAMSUNG DISPLAY CO., LTD.",7330674
b60c5c40-c606-4da6-a7f4-4fb756844aa9,Callaway Golf Company,D509869
a0f1d60a-73a6-4240-9a9f-ed92e25e2001,"Pantalimentos, Cia. LTDA",D398480
5b0b2179-927c-48dd-a8ee-211adb1d7e7a,"RICOH COMPANY, LTD.",4407917
55bc7465-2823-418d-9835-41d555c610a6,SONY GROUP CORPORATION,5223990
b342e0d2-e498-471d-af28-5d6ca216035f,MATERION CORPORATION,8008224
8c799f24-eca5-4200-885b-19dc4c2dc8c3,"CENTRAL MOTOR WHEEL CO., LTD.",7509739
99854384-67b2-4199-842f-a7943c5ef77e,PIERBURG GMBH,9033310
2c58702f-7dd2-4455-82b0-d6eefbc72165,ALBERT EINSTEIN COLLEGE OF MEDICINE OF YESHIVA UNIVERSITY,6270776
dfdf1f1a-8f22-41dc-a7f0-855bde20ca67,CANON KABUSHIKI KAISHA,12169379
5f7defa7-8233-41c4-b71c-1fed95343dea,"ALPS ELECTRIC CO., LTD.",4760477
5bb0f20c-736c-456e-8847-00b852fc2281,"Hokuetsu Kogyo Co., Ltd.",4036567
533e0469-baac-46b7-9576-669db08092eb,"SAMSUNG DISPLAY CO., LTD.",10775512
55bc7465-2823-418d-9835-41d555c610a6,SONY GROUP CORPORATION,8627095
0d463191-c5a9-497d-8037-4d6a85a6c5b2,NOVARTIS AG,8012204
888bf4c5-50be-47f3-a7bd-2e3134c6cc30,"FISHER-ROSEMOUNT SYSTEMS, INC.",7684167
20562d13-a63e-4da5-9e62-7d8d22eac830,Baker Hughes Holdings LLC,6035952
47207a0d-8b8a-4b48-9b5d-c5557f0e5fca,ELECTRONICS AND TELECOMMUNICATIONS RESEARCH INSTITUTE,8391304
8a385fab-afaa-443e-85ff-e5e8d657dc3c,Henkel Limited,H1712
0ed3b5da-e166-4ce8-bb57-768914cc7e2e,"Halliburton Energy Services, Inc.",9250349
c11f9502-11c5-4803-ba26-380406367c55,"Sangamo Weston, Inc.",4215425
e8452869-02eb-41da-b217-d8825c994af1,"Ingenia Polymers, Inc.",8361361
1bfb11f7-adbc-450b-9bb8-e82ec7a55fdf,Asahi Techno Glass Corporation,7132164
04286cbe-09f8-4678-a777-007563e32936,General Motors LLC,5029630
fab0bf32-ba86-4a40-9d7a-033ab4511e28,Kabushiki Kaisha Daini Seikosha,D244482
2a055c29-5907-4c2b-9c07-c90415c2ab4b,"ELPIDA MEMORY, INC.",7567474
1cad3022-29d3-4c30-b58a-111ac21f2763,"ASAHI KASEI KOGYO CO., LTD.",4737526
75dacef3-ef13-4ae9-8ccc-da8ac5ea4916,YANADOO CORP,11567218
dfdf1f1a-8f22-41dc-a7f0-855bde20ca67,CANON KABUSHIKI KAISHA,8411988
e7fdeb93-7095-45fd-8e3c-4382e09dc5fb,"Rhythm Watch Co., Ltd.",4712926
9febc68b-fe54-413e-80b2-f9740588afcf,Data Products Corporation,5313232
6d034668-07ac-44af-9c6f-b989bdcbc50a,"Convenience Technologies, Inc.",5617840
4ef2b9c8-d3e7-40d6-ac53-8694d8fe890f,Kabushiki Kaisha Toshiba,7812383
55bc7465-2823-418d-9835-41d555c610a6,SONY GROUP CORPORATION,6018596
73047e4e-8e65-40e8-942c-7027d8b57796,"Advanced Cardiovascular Systems, Inc.",7331933
ba42e4c6-8e72-4962-ad8f-6188331d3f02,"Kenet, Inc.",7786767
67c9606b-94c0-4992-93e2-8f2b69aafd0c,RCA Corporation,4183045
779af556-dae5-423d-8e5e-1dfecf5e8f0e,"The Rockport Company, LLC",D394145
0aca2d81-6f9c-4154-a3e5-11c57ed63614,Responsible Recycling Limited,5915815
533e0469-baac-46b7-9576-669db08092eb,"SAMSUNG DISPLAY CO., LTD.",6080616
dfdf1f1a-8f22-41dc-a7f0-855bde20ca67,CANON KABUSHIKI KAISHA,6480916
e2c0faec-6d87-4f3d-a7cb-71a7de8605fc,Donnelly Corporation,4973844
d1097181-f21f-4cfa-995a-7f16d587ea4a,"Hewlett-Packard Development Company, L.P.",10632749
c06ba574-659c-4e4c-9b79-79805823580d,"Navigant Consulting, Inc.",9514112
f741e949-7acf-4841-a3b7-271285173981,SOUTH DAKOTA BOARD OF REGENTS,11111586
e1a15f66-c41b-47fa-8abc-2fd8bbdbb258,KOGANEI CORPORATION,10221868
7ad5b5da-9d38-4a74-977b-8c9cda658656,AVISION INC.,7382503
55715b8e-9037-47c9-8e27-a2acf13d6047,Intel Corporation,6738878
dfdf1f1a-8f22-41dc-a7f0-855bde20ca67,CANON KABUSHIKI KAISHA,5311303
ae6c65e6-1e90-40d3-9cd7-30cd33cd2b93,"Foxconn Technology Group Co., Ltd.",D613268
d5375c57-936a-444e-8416-487f19e59870,E.G.O. Elektro-Geraetebau GmbH,7569798
671a6888-14cd-4529-8630-f3298a8c486d,Maplebear Inc.,11282126
ffdd1299-2755-4739-a068-2c6f7fdf41e0,"University of Central Florida Research Foundation, Inc.",RE41938
c835b9d2-3d1e-4896-84ac-bb26f2826bbc,Rohm and Haas Company,5631209
5a90d82e-7b65-4144-8483-0094cf09c4e0,"Beijing Bytedance Network Technology Co., Ltd.",11783111
5952964e-63c6-4284-9012-0fdd0643f715,Fujitsu Limited,5696748
9971439c-aa8f-4cf2-b787-3b80dc992cfa,NEC CORPORATION,11580193
40ef4238-349d-4b3d-b4d4-3fa28b66272a,LUCENT TECHNOLOGIES INC.,5559313
4ef2b9c8-d3e7-40d6-ac53-8694d8fe890f,Kabushiki Kaisha Toshiba,5761321
98353c41-6341-4701-8b7b-2613a8b66e0a,"AIDA ENGINEERING, LTD.",12400378
f38332f2-6358-46c2-881d-a3baa4ddfd17,"When, Inc.",8612876
18a59dfa-9ded-4372-85f2-464484f5a9e7,SNAMPROGETTI S.p.A.,4177859
dd99c22d-6ce3-41bc-8361-8d6b46d0bf55,OliX Pharmaceuticals. Inc.,10829761
53cc491d-015e-4686-aabc-3e7e4f41e492,Abbott Laboratories,5655539
501dff99-7132-492f-a528-a015dd73464c,KYOCERA Corporation,7250123
1e5ab9a8-7f53-4512-97aa-65f9e592173a,Westinghouse Electric Company LLC,5305288
1afa7426-deaa-484f-9a13-7ba6e9c6bf59,"Clean Diesel Technologies, Inc.",9012353
c58c97de-e4f6-4dc4-b108-509125b88a7b,C.R.F. SOCIETA' CONSORTILE PER AZIONI,9234574
d09e5901-b20f-4aa3-93d1-cb809fc6d43f,Shin Caterpillar Mitsubishi Ltd.,6694860
dfdf1f1a-8f22-41dc-a7f0-855bde20ca67,CANON KABUSHIKI KAISHA,7311204
533e0469-baac-46b7-9576-669db08092eb,"SAMSUNG DISPLAY CO., LTD.",11837394
0e03f189-ed27-4b5d-86d0-d7d5e6e55398,The Kitasato Institute,4985244
ba888a29-4e8d-4695-9507-7ba19ca6b62f,"CHENGDU BOE OPTOELECTRONICS TECHNOLOGY CO., LTD.",12045409
a955568b-9dbe-4c13-9c23-a1d7fcc8911d,RHONE-POULENC CHIMIE,5073435
36458b25-d7f7-408e-8780-ab04c1421521,"Advanced Robotic Technologies, Inc.",5957263
75e61832-3707-4be5-a7d5-3b08574dc674,IDEAL Industries Lighting LLC,10546843
abf6f9cc-8d5e-49b0-a757-8d0f9b10a89f,"Asana BioSciences, LLC",11434278
5f83d790-2a6a-421e-8d6c-6da6e6869187,Milwaukee Electric Tool Corporation,10950074
f70304ca-0531-462c-ba68-1dcfc2e6df5a,AGROPUR COOPERATIVE,6881428
7c3cd8d0-ccb0-441d-b9d3-c09271bf2a14,"ADATA TECHNOLOGY CO., LTD.",9121897
df0afe6f-f647-4204-aa97-ea7aef1ca6c9,Yoshida Kogyo K.K.,4793031
ad4f3dbc-b22a-4aa8-a67f-57fd25f70336,Gunnar LLLP,12110780
cab5836e-c328-4213-a7b0-ab530b6e3432,"ROYAL GROUP, INC.",D727537
d7be4447-4923-4e6a-be22-de517bc6f026,"NTT DOCOMO, INC.",8428035
eeaf14bc-9923-4128-986e-17708f0fa886,Kawneer Company Inc.,5469683
e2199ed7-edca-4773-82ae-06c5c9677797,"DP Technologies, Inc.",10610146
88c962da-6df3-4f86-85ba-14c24c3cb600,"Taiwan Semiconductor Manufacturing Company, Ltd.",11646313
3e0fba4d-6b56-42a0-a974-3117903cdeb7,Bayer Aktiengesellschaft,4363926
88c962da-6df3-4f86-85ba-14c24c3cb600,"Taiwan Semiconductor Manufacturing Company, Ltd.",10468409
f80c81ab-1b75-42cb-b37d-224e89a7c7cc,Power Transformations LLC,11276954
681bb272-dacd-4789-b8d1-1c43e9ed8fbf,3M INNOVATIVE PROPERTIES COMPANY,12269339
e26f6502-4416-481e-b15a-e69178b15dfc,"Micron Technology, Inc.",8582350
bdd4f678-1138-4d55-84f7-bdfae7bfa612,"Ramot University Authority for Applied Research and Industrial Development, Ltd.",5434071
29818e53-32ea-4e2f-a50a-a8089441ad6c,Alarm.com Incorporated,10311710
533e0469-baac-46b7-9576-669db08092eb,"SAMSUNG DISPLAY CO., LTD.",11627383
cc750681-c1c9-44ee-bcf6-6a406757eff3,LSI Logic Corporation,5111279
88c962da-6df3-4f86-85ba-14c24c3cb600,"Taiwan Semiconductor Manufacturing Company, Ltd.",12080771
8cafea38-8117-423d-8ba4-03ec74e93c11,"ZHUHAI COSMX BATTERY CO., LTD.",12418051
dfe035ee-2d3f-4286-8940-eb9c7a3f3f11,"ASAHI GLASS CO., LTD.",7900477
1dc93394-d216-4d4d-a25e-8d6e18117e8f,"LG INNOTEK CO., LTD.",10502923
d530b05a-2539-4dbe-aa54-027b4ab9be0b,"Microsoft Technology Licensing, LLC",11182484
7e54a669-49a0-4138-9ee5-d8d0b44eac80,"HEFEI BOE OPTOELECTRONICS TECHNOLOGY CO., LTD.",10332470
4ef2b9c8-d3e7-40d6-ac53-8694d8fe890f,Kabushiki Kaisha Toshiba,8908618
b4ec4fdd-ad18-4e9c-b28c-a5ff1b10959e,Brunswick Corporation,10281928
bc70915d-1b14-467d-b678-f0daf1dffacc,"BEIJING BOE SPECIAL DISPLAY TECHNOLOGY CO., LTD.",10490145
4840cedc-7dcd-4aa9-9d62-ee877f7ef128,Xerox Corporation,8687239
5b0b2179-927c-48dd-a8ee-211adb1d7e7a,"RICOH COMPANY, LTD.",11292254
2eb8d37d-6925-4712-a1ec-3ce9cc3f1970,"Automated Components, Inc.",4124424
4d02b7ca-575f-4cad-8529-aa098a0d76aa,"SANYO ELECTRIC CO., LTD.",4720864
d58bf8da-3b16-4754-bf2a-c81c0ce7964c,Societe Francaise Hoechst of Tour Roussel-Hoechst,4918139
da5426d2-7a1c-4d65-85f8-ceb3c99d578f,TDK CORPORATION,4677745
b078411c-5bb7-4950-a8a3-4c8a20b2bd17,Sandoz AG,4429133
a7b79334-35a4-48e8-8143-47f2bfd65432,TELEFONAKTIEBOLAGET LM ERICSSON (PUBL),6061343
17b756b2-5243-4284-9053-957d4df02f9a,DEERE & COMPANY,5190207
dfdf1f1a-8f22-41dc-a7f0-855bde20ca67,CANON KABUSHIKI KAISHA,9368544
c70fdc3e-b2f9-47ce-a56f-b82dd3d517d2,ITT Corporation,5344114
7cf2d872-7724-49cd-81aa-d231c9283a40,Schlumberger Technology Corporation,10989015
7f7f1d2f-d858-4e97-8723-87f06ac28989,"CISCO TECHNOLOGY, INC.",7710991
2f99f1e8-6c16-41b0-9611-907ab4383a9d,Bayerische Motoren Werke Aktiengesellschaft,D621318
a2522567-2cde-4df4-b8fb-a9954a482f2b,Metzeler Automotive Profile,7117635
f35df0cb-2500-4f08-985a-5df1424754c1,Rhone-Poulenc Rorer Pharmaceuticals Inc.,5015663
d7191cdd-1380-4b0d-b36d-5282b32ab28c,"HITACHI MAXELL, LTD.",7327266
c0dd0b4d-fbbe-4965-b458-304bb690d1e8,Arm Limited,12430032
f87b3887-b912-4d42-ab61-141a0821ebb8,Lyon-Shaw Incorporated,D284819
57ff286b-1342-4928-a86b-ed44c1c912f0,Space Age Plastics,4571791
6cccfcb4-1761-4afb-bd37-def24a3d1228,Industrial Technology Research Institute,7610769
1793e6d5-4993-47ff-954b-e6120f86a9b3,Panaya Ltd.,8954934
0276feee-c989-4a65-998e-7099a0e80785,NSK LTD.,9227651
1661bb34-4e7a-483b-8d59-7746745cc8dc,UNIVERSITY OF MARYLAND,6694856
589307e9-0de2-4991-906b-1eec027000bb,"KCI Licensing, Inc.",10238779
3be930fe-fe9a-46d1-a46e-4d9f1dfb1fe9,"NetApp, Inc.",10353870
dfdf1f1a-8f22-41dc-a7f0-855bde20ca67,CANON KABUSHIKI KAISHA,4797873
ee19b405-e8a2-4bfe-8aa1-9f8fe50d3be7,"Amazon Technologies, Inc.",9712453
8a03b7d9-0444-4dfc-9737-bf029c47a462,"FORD GLOBAL TECHNOLOGIES, LLC",11066019
c6619ede-53f3-4c24-a4ba-f378c25cb995,"Maxim Integrated Products, Inc.",9040408
d62b3fa1-471b-4a70-8c75-26b8db18ec68,"ADP, Inc.",10552029
86bb53bf-a4f6-40fc-83d4-71a71c088b96,The AES Corporation,10272567
817a371a-6491-469d-a2d6-84b8a361c2c9,University of Basel,12041864
2c8ca8bb-0a58-4383-aa4a-2bca097577dd,"SILICON WORKS CO., LTD.",11527193
41003b1e-35d5-4763-8471-eddc857b0b59,JitterLabs LLC,11592480
4d02b7ca-575f-4cad-8529-aa098a0d76aa,"SANYO ELECTRIC CO., LTD.",7640393
47b2aabd-0c46-41f8-a686-945e6fbb7d08,"KURARAY CO., LTD.",5675435
5eaceda6-d637-4578-bbba-a40f5560b683,KONINKLIJKE PHILIPS ELECTRONICS NV,6417753
64da7b54-2b89-4d03-9449-53b9b3677a23,"Sensormatic Electronics, LLC",10902524
55715b8e-9037-47c9-8e27-a2acf13d6047,Intel Corporation,6731843
1e5ab9a8-7f53-4512-97aa-65f9e592173a,Westinghouse Electric Company LLC,4012609
cbc31957-5625-4c60-be87-a8918629bba8,Texas Instruments Incorporated,8542545
8a03b7d9-0444-4dfc-9737-bf029c47a462,"FORD GLOBAL TECHNOLOGIES, LLC",12043206
d741637e-71a6-4101-a7db-0c2ba20a2958,The Boeing Company,11919657
26b81058-930d-4c30-a957-5d1995a3dd8c,Kuziba B.V.,8771045
e466006d-7c93-4f3b-b9ac-3bd3407f48a4,University Court of the University of Dundee,6020149
d6f138ea-5fbc-4de0-b58f-9080a787105f,BASF SE,4320171
96894fa9-c693-4fd7-9390-932724da588d,Ceramiques et Composites S.A.,5166102
d821474f-b489-475f-ba46-c3a19f01193d,"SEMINIS VEGETABLE SEEDS, INC.",8664483
51f6a89d-a324-4837-b00b-853c61c72f16,Truth Div. of SPX Corporation,5199216
461735da-1e01-4148-8ee3-7e610c5dca9b,Hoechst GmbH,4806691
012b5f98-d8e2-4114-b5df-1b3abf8a54cf,Nanjing University of Posts and Telecommunications,12074443
dfe035ee-2d3f-4286-8940-eb9c7a3f3f11,"ASAHI GLASS CO., LTD.",5763064
eccb287b-572d-41ec-82e7-3dd2d7755899,EBS Group Limited,7363269
533e0469-baac-46b7-9576-669db08092eb,"SAMSUNG DISPLAY CO., LTD.",8218480
c3178cc4-8179-4f32-9927-ec4dfb08fb21,Dart Industries Inc.,5139453
3e0fba4d-6b56-42a0-a974-3117903cdeb7,Bayer Aktiengesellschaft,5128437
533e0469-baac-46b7-9576-669db08092eb,"SAMSUNG DISPLAY CO., LTD.",7194256
97779eec-f263-4d63-a5b9-8f9605c558af,"Tokyo Shobundo & Co., Ltd.",4234646
986da9d7-511b-4305-8dcb-160563689df3,"SOUTHPAC TRUST INTERNATIONAL, INC.",D391893
f235bfaa-854d-469a-9e95-82bb12c28df5,Webasto-Werk W. Baier GmbH & Co.,4530658
33c356e7-f50d-4e6a-b927-aca98488e47d,"Standard Knitting Mills, Inc.",4392315
db1ca3f2-f3ed-4e1c-b67a-9f8e2f804682,Computervision Corporation,5850535
5952964e-63c6-4284-9012-0fdd0643f715,Fujitsu Limited,6618381
a8fd3500-dbf0-4445-a810-ea9a275afdbd,"TORAY INDUSTRIES, INC.",4908115
ac4c5d35-af06-4253-b2f8-d6b680a38398,Igus Spritzgubteile Fur Die Industrie GmbH,6425238
bd8bd618-aae4-42d7-9429-21611ea4c325,Mannesmann Rexroth AG,5391002
93f8c962-7a18-45c0-b192-7a141f9a8b6c,"HITACHI, LTD.",12222725
35809cc5-f4df-454a-ba4d-0a50558ee422,Scimat Limited,6537695
c3621e35-3f2a-4bd3-8423-15fd71682a1b,University of Tennessee Research Foundation,10927251
69ae7c5e-8acc-4d53-827b-824966e49310,"OMEGA PATENTS, L.L.C.",9527478
55bc7465-2823-418d-9835-41d555c610a6,SONY GROUP CORPORATION,5386234
c28aa9d8-1c5f-434e-95d9-375e8fb76afb,Berrett Pty Ltd,5807473
3210962c-a2a4-4a01-90ce-7fe893d50a35,Fujikura Ltd.,9057813
f48c8eab-622e-44ed-b511-cd31ffd1fa08,Delphi Technologies,7595085
64320918-7938-4b1b-9d0f-872d0447bd3b,Agere Systems Guardian Corporation,6249016
efdf07d0-caf6-4b05-bd7c-33ef238ffc4f,Bell'O International Corp.,D561749
c334db1d-f90c-47ca-a286-292357004fa5,PIERRE FABRE MEDICAMENT,9469601
7f7f1d2f-d858-4e97-8723-87f06ac28989,"CISCO TECHNOLOGY, INC.",9698864
9f2055dd-b565-4e99-aec1-8f17e2d95c63,N.R. SPUNTECH INDUSTRIES LTD.,D693129
ff927c6f-3b0e-4938-b756-2ce18f2f5ca6,Sasib Corporation of America,6692423
d1097181-f21f-4cfa-995a-7f16d587ea4a,"Hewlett-Packard Development Company, L.P.",6721875
222264bc-5220-40eb-8a6e-a2d1088af14f,SHIMANO INC.,9156524
4ef2b9c8-d3e7-40d6-ac53-8694d8fe890f,Kabushiki Kaisha Toshiba,7453090
a7225843-3c86-4542-8d54-f2741e93579e,Biotronik Mess -und Therapiegeraede GmbH & Co. Ingenieurbuero Berlin,6339724
96abc00f-1a32-4c48-8bf1-c4322cb20d42,WARNER-LAMBERT COMPANY LLC,6300501
d9ac560e-c534-44e0-bfd0-39b5d2aaf66f,Endress+Hauser Wetzer GmbH+Co. KG,11221257
1088bd5c-56a9-4ad1-88b8-a158cc1f919b,Medtronic Vascular Galway,9744036
f33a9571-8d4e-4d08-9217-64dd21837b86,"SUMITOMO METAL INDUSTRIES, LTD.",6210806
8feac11d-d815-4ff5-a9ac-17e76b908f10,GENTEX CORPORATION,D800618
5952964e-63c6-4284-9012-0fdd0643f715,Fujitsu Limited,4701617
e1486dcb-d5bb-48b4-a332-32062ba8e9fe,STMICROELECTRONICS S.r.l.,9536743
2257f29c-147e-418b-b491-c636015e69f5,"Sonic IP, LLC",9369687
51cea45b-9759-4ea4-b132-d1182a7121ca,Corning Glass Works,D253681
c0b4f9c0-2c06-4b65-8db4-202da2502c95,"Cengage Learning, Inc.",12307919
624e3e5c-1c12-495b-9319-4e392ed741fe,Nintendo of America Inc.,10360278
29f6d4dd-0b9a-456f-827a-a97c115bfd85,DRAGERWERK AKTIEGESELLSCHAFT,4290792
19404fb4-eed8-4b2a-bf68-e8bf788ab1de,"GLOBAL WIN TECHNOLOGY CO., LTD.",5335722
9d6634ed-909a-4cf0-8c03-e7cc3a5b0961,Hansa Metallwerke AG,D433859
ce185c67-f99d-438b-995b-84d4b2955fa1,Zipfrac LLC,11591882
9b3b5b5b-cbeb-40f4-ba8d-cf0bcb7e61e1,ENVEC Mess- und Regeltechnik GmbH + Co.,5836063
5b0b2179-927c-48dd-a8ee-211adb1d7e7a,"RICOH COMPANY, LTD.",4508334
77b0e539-7552-487c-8171-df9127f7fa66,"SUMITOMO ELECTRIC INDUSTRIES, LTD.",6188308
1cacc286-cb9d-4329-815e-102ff912b470,Wisig Networks Private Limited,12407555
b6629440-4d57-43d7-8f97-3171ed709c6b,Kusch + Co. GmbH & Co. KG,10772431
479d0970-5711-4877-87eb-1503cdf9e401,Chesebrough-Pond's Co.,5061483
74c11be2-20ec-49fe-ac26-d839d375bd32,MITSUBISHI ELECTRIC CORPORATION,4839794
d7be4447-4923-4e6a-be22-de517bc6f026,"NTT DOCOMO, INC.",7363496
12565247-eead-4dc3-955d-e57e06b4e4cf,"World Class Pistols, Inc.",D362709
f46b8a20-8370-400b-af37-f9866977c7e3,"Conopco, Inc.",11918678
86a9d953-f231-4468-acea-12f4d372e219,"Frito-Lay North America, Inc.",D842090
6cb61b89-8042-4dcf-87d5-2018afe3521c,Ergoline GmbH & Co. KG,D410287
b80d5d3a-9449-4501-8916-87b901fd38be,Circle Media Labs Inc.,9900236
b76a43d7-f23b-4677-aaf2-a53b51b76065,Magnegas Corporation,7780924
55715b8e-9037-47c9-8e27-a2acf13d6047,Intel Corporation,10412754
877b4262-7552-45e3-adc3-c484b3095cf3,SEIKO EPSON CORPORATION,6795145
9971439c-aa8f-4cf2-b787-3b80dc992cfa,NEC CORPORATION,6541909
9e85260a-e868-4bc0-beaa-6b183ddb5ed1,"Emergency Technology, Inc.",10703260
c1f5d166-99bc-4135-9c11-1244667f49e6,Ciba-Geigy,5491158
9322aa75-3767-4a8e-b484-52787c61af39,Union Carbide Corporation,4199396
ee316a2c-57c5-4dc2-b511-4b8072d6ad80,Dr. Ing. h.c. F. Porsche Aktiengesellschaft,4155566
a220f871-514a-46cb-8964-15ead264788b,Jacpaq Limited,D381058
dfdf1f1a-8f22-41dc-a7f0-855bde20ca67,CANON KABUSHIKI KAISHA,7406254
35c14b69-16c2-4afa-835d-6d5ccec8d2e6,"Ohi Seisakusho Co., Ltd.",4884668
65323e71-99b8-47d0-b960-0c651cafa7bd,Braun Gesellschaft mit beschraenkter Haftung (GmbH),6003239
228ff57a-b3a7-462b-8de5-f5572f7916cd,Insituform (Netherlands) B.V.,5285741
ec6e01e1-f17d-4661-b616-65e613f0f4e8,ELECTRICITE DE FRANCE,4689759
28ede276-66f4-4443-b7ed-a7eaa09610a2,Kapp & Co. Werkzeugmaschinenfabrik,5239782
67827fda-ed63-405c-ad15-ecd4f6533861,"Inventprise, LLC",10076563
906da649-dd98-4eac-a78c-d5dc3cc385b1,LG ELECTRONICS INC.,9923389
87bbd77e-54e0-4d95-9c1b-7843963c09eb,TOYOTA JIDOSHA KABUSHIKI KAISHA,6382167
e1486dcb-d5bb-48b4-a332-32062ba8e9fe,STMICROELECTRONICS S.r.l.,6556644
769dfd6d-4edd-49d2-aaaf-55da04cdd808,DENSO WAVE INCORPORATED,10909432
ca10e655-1f12-4bcc-91f3-225bb1bed89a,Francotyp-Postalia GmbH,8245662
8794ad72-ec80-41f4-ba3e-46b83c690374,ROCKWOOL A/S,D1009309
5d8eecc4-56c2-4b04-86bc-391e83c30b84,"R.T. Vanderbilt Company, Inc.",4123284
231036a8-3f60-4ba6-bfc6-220f5ca5f0b6,PIAB AKTIEBOLAG,12240101
d1398977-3b9b-44cb-a47f-a2ec3830b95e,"Littelfuse, Inc.",9373453
7fd570bb-8d88-4ad9-832b-532add7b7500,"HONDA MOTOR CO., LTD.",6664470
ad43f2f0-bf6f-4d46-9aed-70134a73c4c7,Gedeon Richter Vegyeszeti Gyar RT,7435744
f5021410-4a6f-4599-b376-39f62139aa49,"AISIN AW CO., LTD.",5396968
46e4851a-a7fd-43cc-a788-24608479a620,CITY OF HOPE,11965174
25b42bd6-6619-4066-a4e9-5c52e85f9c28,"Zillow, Inc.",10332138
679d814b-4086-4aae-b2e2-1651d9863b60,"STATS ChipPAC, Ltd.",9355983
4b36f99b-3fab-420f-b34d-45c8a1e26895,Daimler-Benz AG,5921216
0358cd99-b46b-4391-a906-e17049fa299f,OSRAM GmbH,9341347
7cca189e-6064-4c5a-a7d6-248105234eab,KYOCERA MITA CORPORATION,7684729
27dfae7f-40c3-49f7-834a-27d6ec814214,"Clemens Markets, Inc.",5630468
08f25b24-e02b-458b-9ff4-393cee316eff,"Advanced Micro Devices, Inc.",6294397
a4095faa-d33e-4e1d-99f4-0cfd50857639,Renesas Technology Corporation,6757809
9c11e46f-0d46-41ec-92cd-1068476cf398,"FUJI XEROX CO., LTD.",7155153
32c3c79e-1dc7-4d1a-9b02-1a5f20a05869,VALEO SCHALTER UND SENSOREN GMBH,7205905
db12c44a-cd79-43ab-84ad-3e9e341630e2,Schaeffler Technologies AG & Co. KG,11898610
5bee3a2a-120b-409e-8752-67f7288745f9,"Mars, Incorporated",5386902
7fd570bb-8d88-4ad9-832b-532add7b7500,"HONDA MOTOR CO., LTD.",12065961
93f8c962-7a18-45c0-b192-7a141f9a8b6c,"HITACHI, LTD.",5933344
b904f566-62d6-44a5-8689-7b5c5a3a1a19,General Electric Company,8776531
625df578-07f4-42d7-9051-b4b16b32f33d,"Calumet Specialty Products Partners, L.P.",10883061
0a2fce4e-7b2e-453a-93f2-4e18e36f0171,Nippon Sanso Corporation,6565629
69a10d5a-b7d5-4de3-8ffb-1b8a92b69475,"Applied Materials, Inc.",7086918
8017bc84-e4b5-48e7-9bb5-884ee1917fd4,Weadapt-Inclusive Design and Engineering Solutions LDA,D771352
d6f138ea-5fbc-4de0-b58f-9080a787105f,BASF SE,8362180
7f7f1d2f-d858-4e97-8723-87f06ac28989,"CISCO TECHNOLOGY, INC.",7895412
3db02b20-5b01-461b-8f7b-7a6636d3d94f,OCEAN UNIVERSITY OF CHINA,9423251
29b8f534-149e-443c-b76b-3c4a222da89c,International Business Machines Corporation,12042222
eae9e904-d17d-45b5-9343-296d54e2928d,TONGJI UNIVERSITY,9662623
a04da83d-6564-4690-a7f2-81409f61097e,Marvell International Ltd.,9015560
b4ca74cf-68f6-4a95-b92a-0670d7a3df5a,National Science Council,5849516
f98d1de7-ac04-4121-810e-392c9274c368,YOKOGAWA TEST & MEASUREMENT CORPORATION,10962572
cce4e43c-b399-4555-9e34-908d78d906ef,"DAIKIN INDUSTRIES, LTD.",11535781
158063ae-122c-4389-a924-166ba89491d4,Gulf Eastern Manufacturing Company,4406995
e26f6502-4416-481e-b15a-e69178b15dfc,"Micron Technology, Inc.",11521670
b73c86ab-3195-489f-ad4c-d8c0e36ea6e3,DISCO HI-TEC EUROPE GMBH,12211723
960acc33-d068-4e31-8b1e-6f1ff3a61255,GLOBAL BIOLIFE INC.,10966424
5dd387c1-fab1-45e3-b898-c80ed1061220,Hitachi Global Storage Technologies Netherlands B.V.,6725327
99bbeb4f-81d4-421f-b545-2af2423a1d08,"Exogen, Inc.",5904659
92620fad-ba58-464a-ab65-0a20d4bf5f8a,"PPG Industries, Inc.",4550060
e3275ff7-65e8-4f76-bd4d-db7033d48bdb,The United States of America as represented by the Administrator of the National Aeronautics and Space Administration,5676303
9971439c-aa8f-4cf2-b787-3b80dc992cfa,NEC CORPORATION,7656346
8d78b658-5e26-4426-89b3-3244a2cd5e0c,"Plantronics, Inc.",9913059
ee5ed35c-8acf-448a-bf00-1596093b279b,Children's Hospital Medical Center,7959935
5b5d33ea-6f6d-44e1-be21-8e4dd896687b,NIKON CORPORATION,8863808
956c0a58-ac23-4951-9d3a-3af066ec8744,"LG Display Co., Ltd.",8259277
128e5c01-edac-456c-baf4-9927b8f7ef39,FLIGHT REFUELING LIMITED,5587707
e9a9250e-9768-41cd-97c4-285e4637ec9c,"Ring Container Technologies, LLC",9248932
22135423-12c8-4b56-bc6f-a8adea7dfc48,Sodastream Industries Ltd.,D947601
f9eab477-0d90-49e2-9673-cec04661d3ca,YAZAKI CORPORATION,9028278
a38f39ba-9bd0-47dc-a0c4-94ee03c2e07d,"SOLiD, INC.",11533107
d1097181-f21f-4cfa-995a-7f16d587ea4a,"Hewlett-Packard Development Company, L.P.",7644308
87392e3e-2224-45f5-86c1-8ece9c6a961a,"Cryovac, LLC",5934048
b904f566-62d6-44a5-8689-7b5c5a3a1a19,General Electric Company,D879142
aee0ba5d-6f10-434d-8581-a33f9eec7cc7,RAYTHEON TECHNOLOGIES CORPORATION,11365680
47fdfe6d-16fe-4ed9-8098-55187e5a601e,Boliden Aktiebolag,4512803
0e58b46b-2bf9-4b2e-a192-6219352efa9c,Dell Products L.P.,9703659
0e58b46b-2bf9-4b2e-a192-6219352efa9c,Dell Products L.P.,12462011
ef1478ee-33c7-4ce5-9603-9eac18b87811,International Design Systems Company,4231677
55bc7465-2823-418d-9835-41d555c610a6,SONY GROUP CORPORATION,5703851
dfdf1f1a-8f22-41dc-a7f0-855bde20ca67,CANON KABUSHIKI KAISHA,9261776
14fa4336-bea7-43d7-aafb-ab90eafcc49d,NIHON KOHDEN CORPORATION,9026200
d8992459-0971-4eaa-af89-282d74174ed8,"Anaeropharma Science, Inc.",8338162
ace50b53-6db7-4a04-9c25-93d36ad50963,Hewlett Packard Enterprise Development LP,10212577
f03635c8-6b6c-4f2b-bb6c-b52678f56aae,QUALCOMM Incorporated,10164650
0be51732-056a-432a-b1e8-b870f474a1a5,RobArt GmbH,9298183
254be606-8fde-4cbe-8646-117196ba37ef,FUJI CORPORATION,10102426
0f4139b9-4113-4ca4-a7e6-c2a9199881cf,SHARP KABUSHIKI KAISHA,D528973
84f43ffc-d2ef-4bf7-a21e-d9613142b454,JSR CORPORATION,9304393
cbc31957-5625-4c60-be87-a8918629bba8,Texas Instruments Incorporated,6687376
e26f6502-4416-481e-b15a-e69178b15dfc,"Micron Technology, Inc.",11335408
ace7f7df-42ca-42cb-b47f-069b929d811c,"DOW TORAY CO., LTD.",12502345
1b0a3257-371c-4d4f-b6fb-4149bbbe2956,TSUBAKIMOTO CHAIN CO.,7677024
0f4139b9-4113-4ca4-a7e6-c2a9199881cf,SHARP KABUSHIKI KAISHA,D279104
d2d8c15e-16ea-443e-8375-ca7f4113a9d1,"DONGGUAN IUTOO TECHNOLOGY CO., LTD",D982004
e2aca5ba-c6d7-41a4-acd6-d23ab462ca3d,"Univation Technologies, LLC",6988022
3ea2dc97-f5aa-4931-a0d1-73f5370f56ce,SUBARU CORPORATION,11361199
782c5421-d324-4205-a54a-5b954821cf59,"MENICON CO., LTD.",6242551
27631da0-3f1e-4433-a380-3d364fdbed9e,"Acclarent, Inc.",9636258
6ebaef59-00a1-44a7-80fa-e80c061d2d7b,Alcatel-Lucent USA Inc.,7543194
57ed7c7f-4b14-4ecb-8fdf-b1309c37faf2,Caterpillar Tractor Co.,RE29723
022774d8-daab-4d5a-aa0b-dac600bb8c96,"Hologic, Inc.",12133678
1ae0b69f-057d-424c-8219-215af2dd00bb,MARIMILS OY,8717162
c4194edb-ffaf-4c03-982d-93cb94b63519,Continental Teves AG & Co. OHG,6497562
2b541236-b993-4b49-8d24-face1629da72,AISIN SEIKI KABUSHIKI KAISHA,11143327
a2fa8d4e-853b-4251-9db8-905b03f53efe,"Viratec Thin Films, Inc.",5183700
bcb1fd17-e7e6-431e-b902-558e5e0ce98b,TARKETT GDL S.A.,10569519
c6538ddb-9599-4c77-b364-8e380a7c8c08,Microbox Dr. Welp KG,5202839
a435fad2-4688-402e-b79d-d4ff41c83c99,Japan Tobacco Inc.,6465209
f77f5297-06be-4d3b-ae57-53fc28ee208a,BlackBerry Limited,12096166
dfdf1f1a-8f22-41dc-a7f0-855bde20ca67,CANON KABUSHIKI KAISHA,8656312
1bf22ca6-cc0c-44f2-a076-4bedb4794072,"Iris International, Inc.",10345217
