inventor_id,name,country,patent_id
fl:we_ln:jiang-165,Wenjing Jiang,,D1006496
fl:ei_ln:baumker-1,Eiko BÄUMKER,,12029253
fl:ri_ln:kroeger-1,Richard Kroeger,,6584128
fl:th_ln:bush-1,Thomas A. Bush,,4789863
fl:ma_ln:boudreaux-4,Matthew F. Boudreaux,,11161990
fl:ge_ln:whitworth-1,Gerald Whitworth,,6795487
fl:ro_ln:egnatchik-1,Robert Egnatchik,,12324454
fl:th_ln:fleming-4,Thomas W. Fleming,,D474886
fl:du_ln:moon-7,Duck Su Moon,,11885288
fl:sa_ln:woods-2,Samuel G. Woods,,7646155
fl:ta_ln:hosoda-4,Takuya Hosoda,,4339721
fl:ev_ln:mudrane-1,Eva K. Mudráné,,6610738
0000n8nqsxhrztn7djlxou00k,Muamer Zukic,,6448562
fl:do_ln:angelosanto-1,Donald J. Angelosanto,,4432679
fl:ba_ln:james-7,Barry James,,11093663
fl:le_ln:neitzel-1,Lee Allen Neitzel,,8977851
fl:ja_ln:files-4,Jace W. Files,,10761618
fl:st_ln:parkvall-1,Stefan Parkvall,,10263820
fl:ja_ln:feine-1,James Feine,,6503081
fl:ch_ln:gaal-1,Christopher Gaal,,10082632
fl:mo_ln:narasaiah-1,Mohan Narasaiah,,D935390
fl:hi_ln:takeuchi-48,Hiroto Takeuchi,,12354161
fl:ch_ln:liu-1379,Chaopeng Liu,,D1042490
fl:jo_ln:jung-23,Joon-Young Jung,,10805689
fl:br_ln:carette-2,Brigitte Carette,,4513070
fl:mi_ln:artinger-1,Michael A. Artinger,,11585813
fl:ed_ln:zizminskas-1,Edvinas ZIZMINSKAS,,12259564
fl:je_ln:bouchet-6,Jean Bouchet,,D294010
fl:te_ln:kaneko-13,Tetsuya Kaneko,,6705909
fl:an_ln:ferreol-1,Anne Ferreol,,7423589
fl:mi_ln:rector-1,Mindy Dawn Rector,,12412163
fl:jo_ln:matta-2,Joseph E. Matta,,H976
fl:hi_ln:tanada-3,Hiroki Tanada,,10808661
fl:br_ln:brinson-2,Brad D. Brinson,,12085897
fl:se_ln:kwon-94,Se-Ah Kwon,,8873018
fl:no_ln:kunze-1,Norbert Kunze,,5027236
fl:al_ln:bulla-1,Alexandre Bulla,,6060464
fl:vi_ln:benatti-1,Vincenzo Benatti,,6495081
fl:xu_ln:dong-28,Xue Dong,,10025433
fl:ju_ln:hirooka-2,Junji Hirooka,,D291698
fl:si_ln:chawla-1,Sidakpreet Singh Chawla,,11468472
fl:yu_ln:kawamoto-8,Yuka Kawamoto,,10578989
fl:fe_ln:wang-87,Feng Wang,,D754593
fl:da_ln:cvoric-1,Dalibor Cvoric,,11758627
fl:sa_ln:teramoto-3,Satoshi Teramoto,,5808321
fl:ha_ln:andersson-10,Hans Andersson,,11350577
fl:ka_ln:yamamoto-123,Katsutoshi Yamamoto,,4596837
fl:wa_ln:feghali-3,Wajdi K. Feghali,,10601583
fl:ev_ln:seevinck-1,Evert Seevinck,,6028480
fl:ma_ln:marshall-19,Mary C. Marshall,,5254598
fl:sa_ln:smith-27,Samuel Melvin Smith,,9292510
fl:yo_ln:fujii-7,Yosuke Fujii,,7393607
fl:mu_ln:ishikawa-1,Muriel Y. Ishikawa,,8787526
fl:pe_ln:marbach-1,Peter Marbach,,5738825
fl:br_ln:fox-20,Brian G. Fox,,11447754
fl:pa_ln:iannone-2,Patrick P. Iannone,,7450847
fl:zh_ln:sun-126,Zhaohui Sun,,7295616
fl:ch_ln:liang-25,Chun-Sheng Liang,,10755970
fl:to_ln:yoshizawa-16,Toshio Yoshizawa,,3940076
fl:ru_ln:schickfluss-1,Rudolf Schickfluss,,3930794
fl:mi_ln:ignatieu-1,Mikhail Ignatieu,,8426770
fl:su_ln:hiyama-1,Susumu Hiyama,,8492804
fl:ka_ln:virtanen-3,Kari Virtanen,,7702337
fl:mi_ln:mursch-1,Michael Mursch,,D544888
0004z0eq002iqz3t9ecx7l5ml,Paul Barberi,,4623263
fl:aj_ln:luthra-1,Ajay Luthra,,9819994
fl:ch_ln:vigild-1,Christian Winge Vigild,,10323583
fl:jo_ln:edwards-71,Joshua Edwards,,11574318
fl:th_ln:tellinghuisen-1,Thomas J. Tellinghuisen,,10999938
fl:ro_ln:colwill-2,Robert Jerome Colwill,,11514766
fl:ri_ln:holub-1,Richard A. Holub,,6218584
fl:st_ln:stewart-18,Stephen Stewart,,12306814
fl:sc_ln:myers-6,Scott A. Myers,,9177503
fl:bj_ln:gunderson-2,Bjorn Gunderson,,D552974
fl:hi_ln:kozai-2,Hiroaki Kozai,,11772379
fl:st_ln:hirsch-3,Steven B. Hirsch,,7131780
fl:ma_ln:abdelrahman-2,Mahmoud F. Abdel-Rahman,,6163031
fl:ye_ln:wu-78,Yejun Wu,,12207663
fl:cy_ln:shovary-1,Cynthia Ann Shovary,,9248238
fl:jo_ln:ellenberger-2,Jonathan Ellenberger,,11494246
fl:pr_ln:fick-1,Preston Fick,,10542585
fl:ja_ln:schukat-1,Jan Schukat,,9747218
fl:ne_ln:harris-4,Neil Victor Harris,,6706738
fl:fa_ln:barbier-1,Fabrice Barbier,,6218041
fl:na_ln:kumagai-1,Naoyuki Kumagai,,5449698
fl:da_ln:garrett-17,Danny Garrett,,9939993
fl:an_ln:schulz-5,Anatol Schulz,,12050012
fl:xu_ln:bian-8,Xuqi Bian,,11994655
fl:wa_ln:chen-45,Wan-Chun Chen,,10399851
fl:ca_ln:zimmerman-4,Carey W. Zimmerman,,D967187
fl:ja_ln:cassoli-2,Jair CASSOLI,,11585320
fl:ke_ln:belyk-1,Kevin M. Belyk,,10457690
fl:ro_ln:benkar-1,Rohan Benkar,,10134082
fl:jo_ln:sporn-2,Joseph S. Sporn,,D869785
fl:ta_ln:chuman-2,Takashi Chuman,,5478623
fl:je_ln:powers-14,Jeffrey E. Powers,,4888086
fl:ke_ln:thompson-24,Kenneth O. Thompson,,7882729
fl:sh_ln:iwama-7,Shinichi Iwama,,4391419
fl:em_ln:sallard-1,Emmanuelle Sallard,,D824799
fl:se_ln:taffler-1,Sean Taffler,,10058892
fl:ma_ln:awad-4,Mariette Awad,,8424071
fl:je_ln:schmidt-12,Jeffrey C. Schmidt,,8948801
fl:cr_ln:noeldner-1,Craig Andrew Noeldner,,11977711
fl:er_ln:berger-4,Eric L. Berger,,6116259
fl:sc_ln:elwood-1,Scott H. Elwood,,H1236
fl:ja_ln:hovis-1,James E. Hovis,,5368472
fl:my_ln:hunukumbure-1,Mythri HUNUKUMBURE,,8726115
fl:er_ln:urdang-1,Erik G. Urdang,,7114173
fl:de_ln:kurschner-2,Dennis L. Kurschner,,7566027
fl:da_ln:yu-50,Daniel Yu,,H1124
fl:mo_ln:sawada-1,Motoshi Sawada,,6049313
fl:sa_ln:srinivasan-17,Saraswathy Srinivasan,,10951690
fl:st_ln:soldin-1,Steven J. Soldin,,7473560
fl:yi_ln:tseng-6,Yi-Ling Tseng,,11444369
fl:yo_ln:matsuda-49,Yoshimoto Matsuda,,11041427
fl:ro_ln:soler-3,Robert R. Soler,,D650109
fl:hi_ln:ikeda-32,Hidetsugu Ikeda,,6818327
fl:nu_ln:rosly-1,Nur Amalina Rosly,,10999714
fl:su_ln:lee-469,Su Jin Lee,,10162261
fl:ta_ln:nara-5,Takashi Nara,,D1035611
fl:fr_ln:weisenborn-1,Frank L. Weisenborn,,3956285
fl:th_ln:kaiser-5,Thomas Kaiser,,12038126
fl:br_ln:tockman-1,Bruce A. Tockman,,10617402
fl:ma_ln:baker-61,Martin C. Baker,,8348709
fl:ho_ln:simionescu-1,Horia Simionescu,,9268695
fl:ju_ln:koch-9,Juergen Koch,,5229484
fl:ko_ln:nose-4,Koichi Nose,,8635040
fl:ch_ln:li-887,Chao Li,,11231168
fl:er_ln:ruhrnschopf-1,Ernst-Peter Rührnschopf,,7298882
fl:wi_ln:bruls-8,Wilhelmus Hendrikus Alfonsus Bruls,,9866824
fl:al_ln:henderson-19,Alex E. Henderson,,7307986
fl:wa_ln:malkin-2,Wayne Allan Malkin,,9223760
fl:sh_ln:li-490,Shubo Li,,10698738
fl:hi_ln:watanabe-59,Hiroshi Watanabe,,4330526
fl:ha_ln:hsu-68,Hank Hsu,,5865713
fl:ro_ln:hurd-6,Robert J. Hurd,,D492623
fl:hi_ln:nagao-18,Hideki Nagao,,12352283
fl:na_ln:nagashima-3,Nao Nagashima,,5444846
fl:ri_ln:todd-3,Richard Simon Todd,,5075303
fl:ge_ln:zhang-60,George(Huanyi) Zhang,,7473133
fl:sy_ln:galineau-1,Sylvain P. Galineau,,10331319
fl:sa_ln:morinaga-3,Satoshi Morinaga,,8909582
fl:ma_ln:oshiro-11,Marc Oshiro,,7779367
fl:ji_ln:choi-278,Jinsoo CHOI,,10911193
fl:ti_ln:hartjes-1,Timothy P. Hartjes,,5876815
fl:da_ln:meyer-50,Daniel Meyer,,6404762
fl:ja_ln:andersson-5,Jan Andersson,,5183644
fl:de_ln:stephens-2,Dennis L. Stephens,,7271570
fl:me_ln:siebert-1,Melissa Siebert,,9788546
fl:er_ln:townsend-4,Eric Christopher TOWNSEND,,D1107634
fl:ta_ln:taura-2,Tadayuki Taura,,6327180
fl:he_ln:gaub-2,Hermann Gaub,,7700371
fl:ge_ln:provost-1,George A. Provost,,7160600
fl:da_ln:motov-1,David L. Motov,,4396387
fl:ho_ln:jaeschke-1,Horst Jaeschke,,D725505
fl:bo_ln:cichon-1,Bob A. Cichon,,7266526
fl:st_ln:yu-18,Stephanie Yu,,12312536
fl:su_ln:jung-217,Sunghoon Jung,,12273757
fl:de_ln:hsu-7,Derek Hsen Dai Hsu,,9982330
fl:ro_ln:crook-2,Ronald J. Crook,,6460632
fl:ne_ln:joshi-7,Neeta Joshi,,11224593
fl:ku_ln:tzeng-1,Kuo-Hwa Tzeng,,10658474
fl:sa_ln:khan-54,Sana Fahim Khan,,9589072
fl:ar_ln:henry-2,Arnold W. Henry,,5340679
fl:ta_ln:uda-13,Taizo Uda,,4551565
000c0a89h3umx2083c1fhf6sc,Arthur R. Stennett,,5358071
fl:lu_ln:fanucci-1,Luca Fanucci,,6466566
fl:jo_ln:ferrerbeltran-2,Jose M. Ferrer Beltran,,D520786
fl:an_ln:sundstrom-1,Andrew Sundstrom,,12165353
fl:sa_ln:ganu-2,Sachin Ganu,,11617187
fl:ri_ln:schatzberger-1,Richard Schatzberger,,7904277
fl:ha_ln:bodin-1,Hans Bodin,,12179842
fl:sh_ln:o'malley-2,Shawn Michael O'Malley,,11595705
fl:ki_ln:cho-59,Ki Hyun Cho,,8908127
fl:ke_ln:shull-2,Kenneth D. Shull,,11262090
fl:lu_ln:lopezmoreno-1,Luis Lopez Moreno,,11528824
fl:ma_ln:liphardt-2,Martin M. Liphardt,,9658151
fl:yo_ln:yamada-56,Yoshiyuki Yamada,,11384864
fl:jo_ln:baker-78,Jonathan M. Baker,,5706410
fl:fr_ln:garbelli-1,Francesco Garbelli,,6049464
fl:ro_ln:rutledge-2,Robert A. Rutledge,,5559840
fl:pa_ln:koptilin-1,Pavel Koptilin,,10891115
fl:je_ln:jacquinet-1,Jean-Claude Jacquinet,,4943630
fl:an_ln:auvil-2,Andrew L. Auvil,,6293311
fl:st_ln:hunt-10,Stephen L. Hunt,,7761851
fl:an_ln:tang-15,Andrew T. K. Tang,,D1003337
fl:mi_ln:samuel-5,Michael Vincent Samuel,,11609753
fl:ez_ln:darshan-1,Ezra Darshan,,7530085
fl:ri_ln:peres-1,Richard Peres,,10906348
fl:yu_ln:oda-7,Yuji Oda,,7464686
fl:la_ln:ulander-2,Lars Johan Andreas Ulander,,12024523
fl:ky_ln:lee-627,Kyudae Lee,,D1085032
fl:ju_ln:takagi-11,Junji Takagi,,8863259
fl:yo_ln:jun-66,Youngkyun Jun,,11893068
fl:mi_ln:alemany-1,Miguel Alemany,,4834735
fl:ro_ln:wacker-1,Robert L. Wacker,,4305475
fl:da_ln:neff-1,Danielle K. Neff,,8927555
fl:yi_ln:wang-136,Yi Wang,,11461267
fl:be_ln:harrison-2,Beverly L. Harrison,,6340931
fl:ba_ln:vanhell-1,Bart Van Hell,,5879927
fl:pa_ln:kalyanapu-1,Patrick Kalyanapu,,D523440
fl:gl_ln:amatucci-1,Glenn G. Amatucci,,10644314
fl:ja_ln:delker-2,Jason R. Delker,,8812713
fl:wi_ln:meng-1,Wilson Meng,,10105334
fl:th_ln:mcclellan-3,Thomas A. McClellan,,4359283
fl:gu_ln:weng-7,Guojun Weng,,12074586
fl:ji_ln:park-190,Jin-Sung Park,,7449934
000f0k6brgval6kr9agzjlgcg,Lynda M. Salvetti,,5193174
fl:yo_ln:son-144,Young-Ran Son,,9310547
000f3mi5t5lpa1ch45ncsfqtz,Semion H. Mazor,,5970732
fl:ra_ln:venkataramani-1,Raman Venkataramani,,11493499
fl:ya_ln:ko-1,Ya-Ping Ko,,11407819
fl:vi_ln:ramamoorthy-2,Vimal Ramamoorthy,,11708101
fl:bo_ln:ormsbee-1,Bowden Ormsbee,,7856699
fl:ro_ln:alini-1,Roberto Alini,,6252450
fl:jo_ln:buysman-2,John Jason Buysman,,10850064
fl:ru_ln:shi-10,Ruiwen Shi,,10789037
fl:ca_ln:phillips-22,Cary Phillips,,9256973
000fjkbab9nljqyqpy20ktebx,Seved Ahmad Mojahed Gomnam,,5922953
fl:sr_ln:punna-1,Sreenivas Punna,,10828285
fl:mi_ln:grogan-1,Michael J. Grogan,,9149465
fl:mi_ln:moore-11,Michael Edward Moore,,D581611
fl:ma_ln:horiguchi-17,Mari Horiguchi,,7411950
fl:se_ln:jurdana-1,Sergio Jurdana,,D784590
fl:ja_ln:choi-156,Jaeman Choi,,10862110
fl:ma_ln:barker-12,Mario John Barker,,D423279
fl:ha_ln:takahashi-28,Haruhiko Takahashi,,5828387
fl:ki_ln:han-39,Ki-Young Han,,8693422
fl:jo_ln:puryear-2,John W. Puryear,,4830308
fl:da_ln:murti-1,Dasarao K. Murti,,5030533
fl:ja_ln:tour-1,James M. Tour,,8592791
fl:pi_ln:payraud-1,Pierre Payraud,,11326911
fl:te_ln:asayama-1,Tetsuya Asayama,,10629805
fl:ka_ln:lee-173,Kang Hyun Lee,,9105616
fl:ma_ln:zeiler-4,Martin Zeiler,,7934604
fl:le_ln:kononov-1,Leon Kononov,,5366171
fl:mo_ln:sato-1,Moriyuki Sato,,4226980
fl:mo_ln:hassan-32,Morris Hassan,,9103076
fl:wa_ln:barnette-2,Wayne D. Barnette,,7762725
fl:em_ln:watanabe-2,Emi Watanabe,,8182343
fl:xi_ln:zhang-560,Xin Zhang,,11314830
fl:pe_ln:hovell-1,Peter Hovell,,8046452
fl:mi_ln:chen-252,Ming Chen,,11323566
fl:ar_ln:pun-1,Arthur Fong-Yuen Pun,,11742302
fl:pr_ln:mehta-23,Pranav Mehta,,7710899
fl:mi_ln:boraas-1,Michael A. Boraas,,8900503
000hl8sepandlrjbxh7oea7wh,John Riso,,6343708
fl:ar_ln:wojtalik-1,Artur Wojtalik,,11643132
fl:ta_ln:toida-4,Takumi TOIDA,,10494358
fl:st_ln:weinstein-1,Stephen B. Weinstein,,4827518
fl:al_ln:hagemeyer-1,Alfred Hagemeyer,,11253839
fl:ni_ln:manaresi-2,Nicolò Manaresi,,10376878
fl:to_ln:konuma-2,Toshimitsu Konuma,,5999241
fl:ra_ln:dongara-3,Rajeshwer Dongara,,9982200
fl:he_ln:huber-5,Helmuth Huber,,4977930
fl:ro_ln:tench-1,Robert J. Tench,,9536571
fl:pa_ln:conlan-1,Patrick Conlan,,9291306
fl:ra_ln:bordawekar-2,Rajesh Bordawekar,,11847113
fl:ha_ln:xu-119,Hao Xu,,12218424
fl:al_ln:lacour-2,Alain P. Lacour,,4639452
fl:an_ln:besana-1,Andrea Besana,,D888267
fl:ma_ln:kanda-11,Masakazu Kanda,,7269900
fl:ta_ln:konishi-35,Takayoshi Konishi,,5235608
fl:ka_ln:teichert-1,Katrin Teichert,,10431333
fl:ji_ln:zhang-632,Jian Zhang,,8904488
fl:ca_ln:kreuzer-1,Carsten Heinrich Kreuzer,,9044359
fl:ya_ln:kanou-4,Yasuaki Kanou,,8635870
fl:su_ln:kochhar-1,Sunil Kochhar,,10094819
fl:pi_ln:stenuick-1,Pierre Stenuick,,4241800
fl:ya_ln:akatsuka-1,Yasumasa Akatsuka,,6812318
fl:ch_ln:yang-1373,Chui Woong Yang,,11601405
000jdp4dd6gu6ah3gvb1u0biq,Hiroshi Kuwako,,5884643
fl:ro_ln:allaire-1,Roger A. Allaire,,5049329
fl:mo_ln:elidrissi-1,Moulay Rachid Elidrissi,,9048987
fl:cu_ln:chen-26,Cuihong Chen,,D1031386
fl:ta_ln:kim-402,Taehyun Kim,,11977384
fl:mu_ln:krishnan-8,Murali R. Krishnan,,7175072
fl:pi_ln:degroef-1,Pierre De Groef,,3990661
fl:ja_ln:fleischer-1,James F. Fleischer,,5349922
fl:he_ln:madan-3,Herb. S. Madan,,4868818
fl:do_ln:kubicek-1,Donald H. Kubicek,,5733836
fl:ha_ln:yu-196,Haifeng Yu,,11153804
fl:ma_ln:muramatsu-5,Makoto Muramatsu,,11315784
fl:da_ln:skidmore-1,David A. Skidmore,,10329911
fl:mi_ln:habig-1,Michael M. Habig,,D819127
fl:yu_ln:itou-6,Yuichi Itou,,9184446
fl:ju_ln:wang-161,Jun Wang,,11184770
fl:ra_ln:yarlagadda-2,Ramesh Yarlagadda,,12301558
fl:da_ln:chan-49,Danny Chan,,10979810
fl:th_ln:petit-1,Thomas J. Petit,,4856543
fl:da_ln:gist-1,David Ryan Gist,,11473761
fl:ja_ln:birk-2,Janel A. Birk,,10932935
fl:ja_ln:kong-3,Jackson Chung Peng Kong,,11527467
fl:me_ln:campbell-5,Melody G. Campbell,,11608378
fl:mi_ln:boisclair-1,Michel Boisclair,,11529834
fl:be_ln:bierbaumer-1,Benjamin Bierbaumer,,10385738
fl:ja_ln:lindenauer-1,Jay Lindenauer,,11863984
fl:zh_ln:shi-37,Zhifeng SHI,,D998890
fl:jo_ln:kramer-17,Joachim Ernst Kramer,,9426957
fl:yo_ln:kim-627,Youn Tae Kim,,11134843
fl:ta_ln:li-34,Tat Wah Li,,D802028
fl:pa_ln:bertics-1,Paul J. Bertics,,8569043
fl:ju_ln:kwon-38,Jun Seok Kwon,,11346576
fl:ti_ln:ji-7,Tingfang Ji,,10205618
fl:iv_ln:lobatohoyos-1,Ivan Pedro Lobato Hoyos,,12505516
fl:hi_ln:inoue-62,Hiroshi Inoue,,6079633
fl:mu_ln:sawada-3,Munenori Sawada,,7804477
fl:ke_ln:stockmeier-2,Kevin C. Stockmeier,,10384724
fl:ur_ln:sonnewald-1,Ursula Sonnewald,,5214057
fl:sh_ln:siddiqui-14,Shahab Siddiqui,,11961895
fl:ra_ln:kumar-94,Ravinder Kumar,,10587356
fl:je_ln:satterfield-2,Jesse Clay Satterfield,,9329774
fl:li_ln:wang-449,Lifeng Wang,,8765067
fl:pi_ln:furman-1,Piotr Furman,,11823674
fl:vi_ln:nagarajan-1,Viswanath Nagarajan,,11706840
fl:bo_ln:zapletal-1,Bohumila Zapletal,,6881814
fl:ko_ln:in-1,Kouichi In,,11031357
fl:mi_ln:gifford-5,Michael F. Gifford,,D340040
fl:ja_ln:thompson-32,James M. Thompson,,10260182
fl:ta_ln:katoh-25,Takao Katoh,,8684938
fl:pe_ln:andrews-5,Peter Scott Andrews,,12278219
fl:se_ln:otsubo-1,Seiichi Otsubo,,7210239
fl:fa_ln:beteille-1,Fabien Beteille,,6337758
fl:jo_ln:mcmichael-6,Jonathan R. McMichael,,10245607
fl:ja_ln:chein-1,Jason Shih Shen Chein,,9299064
fl:ja_ln:boggs-2,Janet Boggs,,7368089
fl:je_ln:merino-1,Jean-Francois Merino,,5344180
fl:to_ln:matsuda-38,Toru Matsuda,,8427745
fl:ma_ln:tanaka-91,Masahide Tanaka,,5639719
fl:wi_ln:starke-3,William J. Starke,,9996298
fl:mi_ln:chih-2,Ming-Hui Chih,,8499261
fl:st_ln:sunshine-3,Steven A. Sunshine,,7031778
fl:ji_ln:cho-16,Jin Kyeom Cho,,11648850
fl:jo_ln:ketchum-2,John W. Ketchum,,7764754
fl:sh_ln:lin-405,Shu-Hung Lin,,11508592
fl:wi_ln:loxsom-1,William Loxsom,,6455973
fl:ts_ln:yu-50,Tsung-Hsin Yu,,12159904
fl:la_ln:ames-1,Lawrence L. Ames,,5090803
fl:ma_ln:hayakawa-11,Masahiko Hayakawa,,7557112
fl:ge_ln:steiniger-1,Gerhard Steiniger,,5378506
fl:vi_ln:chandrasekaran-2,Vinodh Chandrasekaran,,8241945
fl:st_ln:burstrom-1,Stefan Burström,,11762004
fl:pa_ln:burrows-2,Paul E. Burrows,,9017573
fl:li_ln:du-30,Liang Du,,8756181
fl:mi_ln:mennicken-1,Michael Mennicken,,8136741
fl:ji_ln:clayton-2,Jimmy L. Clayton,,D466884
fl:mi_ln:kim-311,Minji Kim,,12035552
fl:an_ln:roy-16,Anirban Roy,,9449703
fl:dr_ln:jeremic-1,Dragan Jeremic,,10400431
fl:ma_ln:rossetti-3,Massimiliano Rossetti,,12036102
fl:mi_ln:lin-81,Ming-Sheng Lin,,8366516
fl:al_ln:finn-1,Alan Matthew Finn,,4914657
fl:mi_ln:hufen-1,Michael Hufen,,8857015
fl:su_ln:chun-22,Sung Duck Chun,,8767606
fl:al_ln:goldner-1,Alla Goldner,,10700946
fl:sh_ln:sato-30,Shinichi Sato,,5502296
fl:fr_ln:klose-1,Frank Klose,,10118164
fl:jo_ln:zupan-1,Joseph Zupan,,4172314
fl:mi_ln:anson-1,Michael J. Anson,,9307912
fl:ki_ln:suzuki-35,Kiyoshi Suzuki,,11230789
fl:yo_ln:kimura-10,Youichi Kimura,,5286723
fl:em_ln:cooper-4,Emanuel I. Cooper,,9520617
fl:lu_ln:michas-2,Luke William Michas,,7011404
fl:ch_ln:obosu-1,Charles B. Obosu,,5660230
fl:we_ln:schiffman-1,Wendela Schiffman,,D658365
fl:ch_ln:cao-111,Chong Cao,,5280576
fl:al_ln:brooker-1,Alan Thomas Brooker,,10392588
fl:no_ln:nambu-1,Nobuyoshi Nambu,,7625262
fl:te_ln:tang-13,Teng-Yen Tang,,11574048
fl:jo_ln:heinke-1,Joel Heinke,,8386646
fl:mo_ln:soni-3,Mohit Soni,,10467790
fl:ka_ln:prevratil-1,Karyne Poissant Prevratil,,D813187
fl:ge_ln:lysy-1,George C. Lysy,,6461196
fl:jo_ln:panigot-1,Joseph E. Panigot,,9150230
fl:ke_ln:chan-25,Kevin K. Chan,,7713837
fl:ta_ln:fukuoka-15,Takahiro Fukuoka,,6258426
fl:fe_ln:schreder-2,Felix Schreder,,4717810
fl:yu_ln:tanaka-37,Yuji Tanaka,,7334238
fl:ni_ln:damour-2,Nicole Miller Damour,,9044485
fl:wi_ln:patterson-6,William R. Patterson,,11559309
fl:ko_ln:kaplanis-1,Kostas Kaplanis,,6167196
fl:to_ln:nagano-7,Toshihiko Nagano,,7830068
fl:de_ln:babin-2,Denis Babin,,7137806
fl:ho_ln:chen-206,Hongkai CHEN,,12071734
fl:co_ln:gardner-1,Cornel Lewis Gardner,,9539939
fl:in_ln:stuckert-1,Ines C. Stuckert,,9212113
fl:de_ln:wong-19,Denny Wong,,7757048
000rzeceuzox3ciyjtnl2qzx0,Johannes Adrianes Maria Dofferhoff,,PP14961
fl:sh_ln:saito-18,Shinji Saito,,RE44215
fl:sh_ln:tsuda-23,Shingo Tsuda,,7724478
fl:ja_ln:lewin-2,Jason Lewin,,11080770
fl:yo_ln:namizuka-1,Yoshiyuki Namizuka,,7272737
fl:ke_ln:fukushima-16,Keisuke Fukushima,,10289357
000s9qy0x4l3x4n99bv2a1qn4,April A. Barbour,,6411248
fl:je_ln:bernard-11,Jean-Rene Bernard,,4206037
fl:se_ln:schmitt-3,Sebastian Schmitt,,12447883
fl:ku_ln:ulmer-2,Kurt Ulmer,,10347513
fl:ig_ln:skvirsky-1,Igor Skvirsky,,9498306
fl:da_ln:wilson-62,David Matthew Wilson,,7696193
fl:se_ln:chae-30,Seung Wan Chae,,7235820
fl:sr_ln:komarneni-1,Sridhar Komarneni,,5425934
fl:ro_ln:caruso-3,Robert Caruso,,9249594
fl:th_ln:loga-1,Thomas Henry Loga,,7063107
fl:jo_ln:priede-1,Jonas Calleja PRIEDE,,12077526
fl:pu_ln:shah-11,Pulkit Shah,,10651754
fl:ma_ln:imafuku-2,Masayuki Imafuku,,6293982
fl:da_ln:basulto-1,David Basulto,,9772543
fl:mi_ln:huang-125,Ming-Zheng Huang,,12451819
fl:xi_ln:wu-313,Xin Wu,,11107706
fl:so_ln:carlson-1,Sonia P. Carlson,,10606665
fl:ro_ln:waggener-1,Robert G. Waggener,,5293312
fl:ka_ln:sawada-27,Kazuhide Sawada,,5189143
fl:ju_ln:sauer-5,Jude S. Sauer,,D1024326
fl:ro_ln:brill-2,Robert Brill,,D294936
fl:ka_ln:fink-4,Kaitlin Elizabeth FINK,,12199252
fl:po_ln:lin-79,Po-Kang Lin,,5964728
fl:ke_ln:jeffcoat-2,Keith Jeffcoat,,5626037
fl:ch_ln:ulrich-1,Christoph Ulrich,,9598889
fl:ke_ln:kim-115,Kevin Weejoung Kim,,8753225
fl:eu_ln:kim-77,Eun Kyung Kim,,10604410
fl:ma_ln:sperling-4,Matthew Niven Sperling,,D718675
000ua1xlntucefomeaptsceea,"William Mark Flintoff, Jr.",,D691023
fl:da_ln:weitz-1,David A. Weitz,,9664619
fl:be_ln:pelletier-5,Benoit Pelletier,,8929301
fl:jo_ln:lee-390,Jong S. Lee,,5503968
fl:sh_ln:nakamura-89,Shigeru Nakamura,,8022451
fl:jo_ln:daniel-22,John Daniel,,7029440
fl:ke_ln:ito-37,Kenji Ito,,4518683
fl:st_ln:sigurjonsson-3,Styrmir Sigurjonsson,,12492429
fl:gi_ln:yuval-1,Gideon A. Yuval,,7770023
fl:ja_ln:lee-305,James S. W. Lee,,D371396
fl:da_ln:johnston-32,David F. Johnston,,7634403
fl:ro_ln:macneill-1,Robert MacNeill,,11662335
fl:al_ln:watfa-1,Allie K. Watfa,,9582815
fl:yi_ln:zheng-23,Ying Zheng,,12417061
fl:ch_ln:wu-293,Chia-Chin Wu,,8514560
fl:ma_ln:stocker-3,Mark Andrew Stocker,,6739954
fl:an_ln:mansencal-1,Antoine Mansencal,,10668217
fl:yo_ln:kobayashi-77,Youhei Kobayashi,,10983635
fl:fr_ln:duhay-1,Francis G. Duhay,,12274617
fl:hu_ln:thompson-4,Hugh A. Thompson,,3956923
fl:ji_ln:lee-73,Ji Hyun Lee,,7696967
fl:fl_ln:cosandier-1,Florent Cosandier,,11435697
fl:ra_ln:wynn-2,"Ray Wynn, Jr.",,4247314
fl:ma_ln:tell-2,Mayo B. Tell,,4408395
fl:ki_ln:kovi-1,Kiran Kumar Kovi,,12031987
fl:hi_ln:iimura-1,Hiroshi Iimura,,11107094
fl:ga_ln:rayburn-1,Gary L. Rayburn,,9072296
fl:ma_ln:kupryushkin-1,Maxim Kupryushkin,,10870674
fl:jo_ln:mola-2,Jordi Mola,,10541042
fl:ni_ln:stebbins-2,Nicholas David Stebbins,,12208154
fl:we_ln:ji-29,Wei Ji,,10176553
fl:he_ln:candello-1,Heloisa Caroline De Souza Pereira Candello,,10572501
fl:ro_ln:chaput-3,Robert Chaput,,D537961
fl:jo_ln:kim-196,Jong Ho Kim,,7913340
fl:to_ln:edwards-1,Todd S. Edwards,,11505685
fl:jo_ln:baldridge-2,John W. Baldridge,,8894861
fl:ji_ln:wu-468,Jianlong Wu,,D1103448
fl:ju_ln:barthelme-3,Juergen Barthelme,,12092181
fl:to_ln:woolf-1,Tod M. Woolf,,8229871
fl:sh_ln:vandermerwe-1,Shawn Van Der Merwe,,10144876
fl:ji_ln:gu-59,Ji-An Gu,,11524924
fl:al_ln:knoch-2,Alexander Knoch,,8393893
fl:jo_ln:kang-44,Jong Hyuk KANG,,10803790
fl:pe_ln:silbernagel-1,Peter Silbernagel,,4655028
fl:ri_ln:beaver-4,Richard James Beaver,,10940380
fl:da_ln:mies-1,David Mies,,7737338
fl:yo_ln:ling-1,Youguo LING,,12005080
fl:ku_ln:chen-263,Kuei-Yuan Chen,,9903531
fl:ma_ln:yamada-53,Masataka Yamada,,8955041
fl:hi_ln:uemura-17,Hiroshi Uemura,,8480197
fl:ch_ln:cheng-471,Chi Wah Cheng,,8538576
fl:os_ln:sengoku-1,Osamu Sengoku,,7746337
fl:ma_ln:kern-24,Manfred Kern,,6699853
fl:ho_ln:zhang-135,Hongrong Zhang,,12226818
fl:di_ln:haerle-1,Dieter Haerle,,RE47715
fl:hy_ln:kwon-188,Hyuk Joon Kwon,,11277284
fl:ak_ln:yokawa-1,Akira Yokawa,,7495897
fl:ti_ln:jrgensen-2,Tino Dyhring Jørgensen,,6969729
fl:na_ln:kim-43,Nam Gyu Kim,,12332513
fl:to_ln:nishimoto-3,Tomohisa Nishimoto,,8669318
fl:jo_ln:carter-28,John L. Carter,,4726023
fl:pe_ln:tu-11,Peter Tu,,9968169
fl:ha_ln:takeda-7,Haruo Takeda,,4853921
fl:ch_ln:shimizu-8,Chiyuki Shimizu,,5093389
fl:fr_ln:coms-1,Frank D. Coms,,5447819
fl:tu_ln:le-27,Tuan D. Le,,7865010
fl:ya_ln:lai-18,Ya-Chieh Lai,,9053259
fl:ge_ln:davis-46,George Davis,,5653654
fl:sh_ln:yokoyama-2,Shigeyuki Yokoyama,,7045593
fl:h._ln:morgan-1,H. William Morgan,,7955407
fl:li_ln:gardner-3,Linda S. Gardner,,5870325
fl:hi_ln:yamaguchi-20,Hideaki Yamaguchi,,4935475
fl:pe_ln:huse-1,Per Huse,,4407087
fl:yu_ln:takita-5,Yutaka Takita,,10090923
fl:ja_ln:staron-3,James A. Staron,,5422494
fl:ch_ln:chen-208,Chieh-Fang Chen,,8059449
fl:th_ln:young-20,Thomas Young,,7756674
fl:al_ln:bourdais-1,Aline Bourdais,,10883384
fl:pa_ln:thayer-6,Paul R. Thayer,,6381624
fl:gu_ln:sandhu-15,Gurtej S. Sandhu,,8411477
fl:ru_ln:seiber-2,Russell A. Seiber,,11950784
fl:ni_ln:chavoshi-1,Nikan Chavoshi,,11989657
fl:je_ln:canady-1,Jerome Canady,,11793968
fl:ga_ln:elder-1,Garry Elder,,7408326
fl:mi_ln:son-34,Min Su SON,,12450181
fl:th_ln:strasserkrauss-1,Thomas Strasser-Krauss,,12374708
fl:jo_ln:tuttle-6,John R. Tuttle,,7944356
fl:te_ln:tanimoto-5,Tetsurou Tanimoto,,4993763
fl:ed_ln:peire-1,Eduardo Peire,,12414845
fl:je_ln:choi-156,Jeong Choi,,7598930
fl:ha_ln:sakaguchi-1,Haruo Sakaguchi,,4490020
fl:sh_ln:iwahara-1,Shojiro Iwahara,,5985637
fl:yo_ln:ogawa-15,Yoshihiko Ogawa,,7995614
fl:ya_ln:ma-108,Yanzhuo Ma,,11831882
fl:ch_ln:hayashi-10,Chihiro Hayashi,,8728360
fl:lu_ln:pavesi-1,Luciana Pavesi,,4824841
fl:yu_ln:fujiwara-9,Yuji Fujiwara,,8859877
fl:er_ln:stern-6,Erica Stern,,D250736
fl:ku_ln:yamamoto-12,Kunitoshi YAMAMOTO,,11279031
fl:me_ln:beveridge-1,Meredith Beveridge,,11482092
fl:ch_ln:garg-4,Chaya Garg,,12165639
fl:ro_ln:seymour-10,Robert John Seymour,,3941478
fl:ti_ln:carle-1,Tiffany CARLE,,12233151
fl:ti_ln:buck-1,Timothy Merrill Buck,,9672880
fl:pi_ln:li-38,Pingshan Li,,10242288
fl:vo_ln:aue-1,Volker Aue,,8134071
fl:ja_ln:young-29,James A. Young,,10306307
fl:hi_ln:matsuura-26,Hideki Matsuura,,6731852
fl:ch_ln:su-187,Cheng-Wei Su,,D959520
fl:ma_ln:weiss-22,Matthias WEISS,,11154058
fl:to_ln:ochiai-8,Toru Ochiai,,6897980
fl:ch_ln:huang-466,Chien-Hsun Huang,,6786770
fl:mu_ln:meetze-1,"Murray O. Meetze, Jr.",,5152514
fl:jo_ln:masterson-8,Joseph Masterson,,10627976
0012xd77vu26r5ij34ouqupie,William Tanasychuk,,5133378
fl:ro_ln:hanson-17,Robert L. Hanson,,4740337
fl:ja_ln:mcnamara-1,Jason McNamara,,10299811
fl:qi_ln:wang-271,Qingping Wang,,7078194
fl:ph_ln:bennett-2,Phillip D. Bennett,,4399203
fl:da_ln:verheyden-2,Danny Willy August Verheyden,,10061091
fl:do_ln:attanasio-1,Dominique Attanasio,,9279277
fl:vi_ln:mercier-1,Virginie Mercier,,8115228
fl:se_ln:hong-163,Seung D. Hong,,10335768
fl:th_ln:benvegnu-1,Thierry Benvegnu,,9956154
fl:pe_ln:nelson-8,Peter H. Nelson,,4808592
fl:be_ln:ziegler-5,Bernd Ziegler,,5738801
fl:gi_ln:spadini-2,Gianpaolo Spadini,,8462537
fl:ru_ln:xie-13,Ruilong Xie,,12211848
fl:fa_ln:pucci-1,Fabrizio Pucci,,9096359
fl:jo_ln:baker-24,John Maxwell Baker,,D685938
fl:ch_ln:stich-2,Christian M. Stich,,8527980
fl:te_ln:desaulniers-1,Ted Desaulniers,,6505557
fl:kh_ln:bataineh-1,Khaldoun Bataineh,,7742553
fl:da_ln:anderson-91,David M. Anderson,,6142975
fl:ke_ln:wilkes-1,Kevin Wood Wilkes,,10267185
fl:yu_ln:lee-176,Yuan Xing Lee,,8031420
fl:ja_ln:sabde-1,Jagdish Sabde,,10032524
fl:to_ln:kosuda-1,Tooru Kosuda,,4347812
fl:tr_ln:hurd-3,Trace Hurd,,6787425
fl:di_ln:offenberg-1,Dirk Offenberg,,10237534
fl:sv_ln:lamprecht-1,Sven Lamprecht,,9680042
fl:ta_ln:ohnuki-6,Tatsuya Ohnuki,,9263451
fl:ry_ln:terry-1,Rylan J. Terry,,11840772
fl:ju_ln:reingen-1,Jürgen Reingen,,9879726
fl:ka_ln:hehle-1,Karl Mathias Hehle,,9944308
fl:ka_ln:shimomura-10,Kazuya Shimomura,,9329372
fl:ky_ln:ford-4,Kyle Ford,,11926708
fl:ch_ln:tarapata-2,Chris Tarapata,,7658765
fl:hi_ln:egilmez-1,Hilmi Enes Egilmez,,11284075
fl:ph_ln:pagnier-1,Philippe PAGNIER,,12151994
fl:ma_ln:kuhl-6,Marcus L. Kuhl,,11396231
fl:mi_ln:james-22,Michael James,,11494772
fl:mi_ln:wiseman-3,Michael A. Wiseman,,8393645
fl:to_ln:nishihara-5,Tokihiro Nishihara,,11482662
fl:da_ln:poirier-4,Dave Poirier,,D617687
fl:ri_ln:crisp-2,Richard Dewitt Crisp,,9158352
fl:vl_ln:iltchenko-1,Vladimir Iltchenko,,6389197
fl:ja_ln:hanlon-8,James G. Hanlon,,6150163
fl:th_ln:kimble-1,Thomas E. Kimble,,D254137
fl:ja_ln:bryzek-2,Janusz Bryzek,,11039814
fl:cl_ln:feger-1,Claudius Feger,,10108762
fl:er_ln:losty-1,Eric J. Losty,,10959687
fl:bo_ln:dobbins-1,Bob M. Dobbins,,5564548
fl:fr_ln:sterber-1,Frank W. Sterber,,5415005
fl:si_ln:yang-79,Siying Yang,,11818176
fl:yi_ln:chang-98,Yi-Hsien Chang,,10077187
fl:an_ln:verenchikov-1,Anatoly N. Verenchikov,,8853623
fl:br_ln:fang-1,Brian Fang,,12394954
fl:st_ln:anctil-1,Stephen N. Anctil,,4484963
fl:ke_ln:song-5,Kee-Bong Song,,10700896
fl:jo_ln:godbaz-1,John Peter Godbaz,,10613228
fl:jo_ln:matear-1,Jonathan Matear,,9707561
fl:bo_ln:asmussen-1,Bodo Asmussen,,6335031
fl:ni_ln:baurain-1,Nicolas Baurain,,D691513
fl:br_ln:wall-6,Brian Wall,,10122472
fl:fe_ln:garcia-21,"Felix Garcia, Jr.",,4121073
fl:ji_ln:tong-21,Jiancheng Tong,,D1005753
fl:ji_ln:zhu-407,Jiarui Zhu,,D1016917
fl:ra_ln:gavas-1,Rahul Dasharath Gavas,,11154229
fl:ji_ln:park-337,Jintaek Park,,9758380
fl:pa_ln:dlugosch-1,Paul Dlugosch,,9519860
fl:ka_ln:tsuchida-22,Kazuhiro Tsuchida,,9238664
fl:ed_ln:lomax-1,Edwin D. Lomax,,5085035
fl:de_ln:oxley-2,Derek Oxley,,6954432
fl:ti_ln:swatosh-1,Timothy Swatosh,,8301861
fl:ke_ln:kanota-1,Keiji Kanota,,5089917
fl:er_ln:hamby-1,Eric S. Hamby,,7447452
fl:jo_ln:brown-72,Jonathan W. Brown,,7222671
fl:di_ln:gowda-1,Dinesh Kapani Gowda,,10686852
fl:ed_ln:ostlinning-1,Edgar Ostlinning,,4824933
fl:ka_ln:aihara-11,Katsuaki Aihara,,6578748
fl:jo_ln:eckrich-2,Jörg Eckrich,,10352732
fl:ma_ln:miller-129,Mark Miller,,6995213
fl:ta_ln:lee-57,Tae Jin LEE,,12417557
fl:am_ln:springer-1,Amy L. Springer,,6818760
fl:sh_ln:uehara-13,Shuji Uehara,,5754522
fl:an_ln:hrycin-1,Anna L. Hrycin,,5492776
fl:je_ln:brede-1,Jeffrey Brede,,6279158
fl:mo_ln:parthasarathy-1,Mohan Parthasarathy,,11722367
fl:va_ln:griffiths-1,Vaughn A. Griffiths,,9140276
fl:zh_ln:cai-16,Zhen-Wei Cai,,7566784
fl:ad_ln:zambova-1,Adriana P Zambova,,11021607
fl:da_ln:wishin-1,David J. Wishin,,10858005
fl:ho_ln:chen-36,Howard E. Chen,,10758118
fl:mi_ln:blaney-1,Michael P. Blaney,,D752965
fl:mi_ln:silvanto-3,Mikael Silvanto,,D763725
fl:an_ln:narula-1,Anubhav P. S. Narula,,4990494
fl:cl_ln:kucharski-1,Cliff Kucharski,,11194578
fl:ja_ln:gilley-1,Jason Corbett Gilley,,D1067085
fl:hy_ln:kang-159,Hyun Chul KANG,,9338200
fl:mi_ln:yeh-39,Ming-Hsi Yeh,,12376372
fl:fu_ln:tien-1,Fu-Kang Tien,,5883393
fl:pa_ln:estrier-1,Pascal Estrier,,6192941
fl:ke_ln:imai-15,Kenji Imai,,8319982
fl:th_ln:paoli-2,Thomas L. Paoli,,H1264
fl:ki_ln:song-59,Ki-Hoon Song,,8226184
fl:ge_ln:paulik-1,George Paulik,,10658993
fl:je_ln:dennes-1,Jeff Dennes,,8145564
fl:li_ln:lu-69,Lida Lu,,10745920
0019gsqdwzr3c68483mkfspl8,Mahoko Motoike,,5234904
fl:st_ln:dunn-9,Steven Bryan Dunn,,12312162
fl:ri_ln:vaccarella-1,Richard M. Vaccarella,,4295065
fl:yi_ln:chen-398,Yingwei Chen,,6810083
fl:ry_ln:masuda-6,Ryohei MASUDA,,12054908
fl:pe_ln:franaszek-1,Peter A. Franaszek,,5495475
fl:ha_ln:inagaki-2,Hajime Inagaki,,7906217
fl:ro_ln:hyde-1,Roderick A. Hyde,,8285488
fl:hi_ln:morita-22,Hideaki Morita,,6263276
fl:ro_ln:maerkl-1,Robert Maerkl,,4724241
fl:jo_ln:spagua-1,Joe Spagua,,6718730
fl:ji_ln:yao-54,Jimmin Yao,,D638818
fl:no_ln:nogami-1,Noriaki Nogami,,11270810
fl:ke_ln:sampson-3,Kevin Sampson,,12045885
fl:go_ln:alves-2,Goldino Alves,,7726459
fl:hi_ln:gunji-2,Hiroyuki Gunji,,12368034
fl:ba_ln:mansoorian-2,Barmak Mansoorian,,6480921
fl:ri_ln:jernigan-2,"Richard P. Jernigan, IV",,7587558
fl:mi_ln:maher-6,Michael D. Maher,,9448095
fl:fr_ln:rouyet-1,Francois Rouyet,,12479177
fl:yu_ln:wei-65,Yulong Wei,,11437457
fl:ta_ln:sakai-44,Tadashi Sakai,,9131611
fl:pr_ln:shankar-7,Prabhu Shankar,,12134428
fl:hi_ln:matsumoto-39,Hitoshi Matsumoto,,7897283
fl:pi_ln:groshens-1,Pierre Groshens,,5543214
001b693sja7ypgwm2mc34xrtp,"Robert C. Parro, II",,4595976
fl:fr_ln:schlesener-1,Frank Schlesener,,9983483
fl:sc_ln:henderson-1,Scott Andrew Henderson,,8420067
fl:fr_ln:eisert-1,Frank Eisert,,7118449
fl:le_ln:williamson-2,Leigh Williamson,,9043781
fl:hu_ln:zhao-18,Huasheng Zhao,,10194565
fl:ko_ln:hasegawa-15,Koh Hasegawa,,6511141
fl:fr_ln:stahlecker-1,Fritz Stahlecker,,5778653
fl:ge_ln:banke-1,"George W. Banke, Jr.",,7571070
fl:ra_ln:bakthavachalam-1,Ramachandran Bakthavachalam,,11010143
fl:ri_ln:zhang-8,Richard Zhang,,D682391
fl:we_ln:yan-44,Wei Yan,,D963654
fl:da_ln:goertzen-2,Daniel M. Goertzen,,7706641
fl:su_ln:jung-52,Sung-kyu Jung,,10389777
fl:pa_ln:spooner-1,Patrick McCoy Spooner,,9063041
fl:ja_ln:bolmgren-1,Jan Bolmgren,,6062218
fl:fr_ln:lu-10,Frank Lu,,6713308
fl:ka_ln:missoum-1,KARIM MISSOUM,,12509266
fl:ma_ln:bertrand-5,"Marvin Ralph Bertrand, Jr.",,6755029
fl:mo_ln:anderson-3,Molly Anderson,,D938849
fl:yu_ln:koiso-1,Yuichi Koiso,,D838383
fl:jo_ln:hershey-2,John R. Hershey,,9048942
fl:hi_ln:taka-3,Hideo Taka,,9972802
fl:lo_ln:steen-1,Louis Steen,,8598025
fl:ro_ln:gattuso-1,Roberto Gattuso,,12099447
fl:xi_ln:liu-420,Xiaojia Liu,,11148857
fl:jo_ln:vincent-30,Jonathan Vincent,,10110536
fl:ka_ln:kumar-33,Karthik Kumar,,10846014
fl:je_ln:folkins-2,Jeffrey J. Folkins,,7278699
fl:hi_ln:takahashi-78,Hiroshi Takahashi,,11549407
fl:al_ln:mceachern-2,Alexander McEachern,,5298859
fl:mi_ln:lim-11,Min Suet Lim,,12250800
fl:zh_ln:qiu-62,Zhiming Qiu,,D553191
fl:ro_ln:owens-17,Robert L. Owens,,5878501
fl:an_ln:houbraken-2,Anna M. W. P. Houbraken,,PP14924
fl:ro_ln:maslennikov-1,Roman Maslennikov,,7899129
fl:an_ln:banks-1,Anton G. Banks,,9739754
fl:be_ln:dittmer-1,Bernd Dittmer,,11223211
fl:al_ln:ring-1,Allan Ring,,9061825
fl:ic_ln:tachino-1,Ichiro Tachino,,5084112
fl:ro_ln:mease-2,Ronnie C. Mease,,11661402
fl:ro_ln:blackwell-3,Robert E. Blackwell,,5320706
fl:ay_ln:higuchi-2,Ayumi HIGUCHI,,11881403
fl:br_ln:valdes-1,Bruno A. Valdes,,11081718
fl:su_ln:kwon-52,Sun-Duc Kwon,,7330645
fl:ch_ln:manjunath-3,Chinmaya Manjunath,,11914480
fl:ro_ln:fackler-1,Robert L. Fackler,,7703266
fl:nu_ln:martingarcia-1,Nuria Martín García,,10703640
fl:os_ln:yamazaki-1,Osamu Yamazaki,,6371017
fl:bo_ln:chen-46,Bo-Hao Chen,,9472240
fl:ya_ln:sato-11,Yasumasa Sato,,5849227
fl:ch_ln:nishio-3,Chikara Nishio,,9486953
fl:ja_ln:sung-30,Janmye Sung,,6136643
fl:an_ln:champagne-4,Andrew F. Champagne,,10212203
fl:ha_ln:azechi-1,Haruka AZECHI,,12159066
fl:yo_ln:ito-14,Yoshitomo Ito,,7797813
fl:an_ln:papay-1,Andrew G. Papay,,4356097
fl:vo_ln:knoblauch-1,Volker Knoblauch,,6777361
fl:an_ln:putaggio-1,Andrea Putaggio,,D671675
fl:je_ln:windom-1,Jeff J. Windom,,D303485
fl:li_ln:ke-3,Ling-Wei Ke,,6700446
fl:kj_ln:ekman-2,Kjell Ferdinand Ekman,,D958532
fl:go_ln:bartels-2,Gosen B. H. Bartels,,PP16437
fl:yu_ln:tashiro-2,Yuuji Tashiro,,6767641
fl:el_ln:hertzenberg-1,Elliot P. Hertzenberg,,4563441
fl:ch_ln:jou-2,Chewn-Pu Jou,,10530030
fl:lu_ln:vegazayas-1,Luis R. Vega Zayas,,12288558
fl:se_ln:gadelrab-1,Serag Gadelrab,,9792215
fl:jo_ln:castinado-1,Joseph Benjamin Castinado,,11182781
fl:ja_ln:lee-489,Jae Gon Lee,,9171953
fl:mi_ln:frankel-4,Michael Y. Frankel,,9374166
fl:ja_ln:juto-1,Jan-Erik Juto,,5591175
fl:re_ln:mast-2,Rexford R. Mast,,11118372
fl:ak_ln:kondo-1,Akihiko Kondo,,11220693
fl:ba_ln:sterman-1,Baruch Sterman,,8767716
fl:to_ln:yoshimura-15,Toshiteru Yoshimura,,7913790
fl:ra_ln:altamimi-1,Rashid Mohammed Altamimi,,9476569
fl:ge_ln:zhang-28,Geoffrey Zhang,,8040984
fl:ro_ln:albright-8,Robert L. Albright,,6541579
fl:ru_ln:huang-124,Rundong Huang,,12008394
fl:ma_ln:simon-16,Marc Simon,,5900930
fl:ju_ln:nam-51,Jung Hak Nam,,11445189
fl:jo_ln:kim-505,Jonggap Kim,,9561799
fl:bo_ln:nam-10,Bohyun Nam,,10980380
fl:zs_ln:szombathelyi-1,Zsolt Szombathelyi,,5096902
fl:li_ln:chen-451,Lien-Hsun Chen,,7370038
fl:ke_ln:ariyama-1,Kenzo Ariyama,,4454210
fl:ta_ln:hyodo-2,Takehiko Hyodo,,10940369
fl:sh_ln:nakanishi-21,Shinji Nakanishi,,8741492
fl:ta_ln:aoki-64,Takanobu Aoki,,8408124
fl:wi_ln:breimeier-1,Witalij Breimeier,,D1025407
fl:ch_ln:tanaka-6,Chiaki Tanaka,,6018014
fl:we_ln:hsu-149,Wen-Chieh Hsu,,7579202
fl:fu_ln:ninomiya-1,Fujio Ninomiya,,5744763
fl:ha_ln:ostling-2,Hans Martin Ostling,,4026211
fl:sa_ln:home-1,Sandra Home,,9668120
fl:mi_ln:zinn-3,Michael R. Zinn,,8409136
fl:je_ln:diard-1,Jean-Luc Diard,,D332813
fl:sw_ln:buccapatnamtirumala-1,Swapna Buccapatnam Tirumala,,10679136
fl:we_ln:liao-139,Wen P. Liao,,8750918
fl:jo_ln:choi-13,Jong-Deok Choi,,7275241
fl:ed_ln:rodriguez-29,Edward Rodriguez,,3996475
fl:mi_ln:wang-361,Mid Wang,,10462634
fl:ta_ln:doi-34,Takayoshi Doi,,D306620
fl:da_ln:elmaleh-1,David R. Elmaleh,,5587398
fl:ta_ln:okamoto-36,Takeshi Okamoto,,10765386
fl:ry_ln:ogg-1,Ryan Clayton Ogg,,11967251
fl:do_ln:ramm-1,Dov Ramm,,5241185
fl:je_ln:bell-2,"Jerome R. Bell, Jr.",,9542539
fl:je_ln:hawkins-10,Jeffrey C. Hawkins,,6448988
fl:da_ln:jennings-16,David Jennings,,5793129
fl:se_ln:katayama-5,Seiji Katayama,,6378416
fl:no_ln:iwai-7,Nobuyuki Iwai,,D503726
001iuvzip3ycjle3voaj2xm09,Claude-Daniel Proellochs,,4444513
fl:ma_ln:ghanizadehgrayli-1,Mannan Ghanizadehgrayli,,10662703
fl:ma_ln:tsuji-33,Masao Tsuji,,6450658
fl:be_ln:aspar-1,Bernard Aspar,,8044465
fl:pa_ln:kutch-1,Patrick G. Kutch,,11412052
fl:da_ln:bajune-1,David E. Bajune,,5624215
fl:al_ln:cahill-3,Alan R. Cahill,,D415610
fl:ka_ln:oya-7,Kazufumi Oya,,7637601
fl:su_ln:park-355,Sungho Park,,11465136
fl:le_ln:witt-1,Leslie Rae Witt,,D871407
fl:wa_ln:chan-20,Wai Shun Wilson Chan,,11138198
fl:yo_ln:ariasthode-1,Yolanda Meriah Arias-Thode,,12510049
fl:sy_ln:ali-40,Syed A. Ali,,8517100
fl:ve_ln:hodnik-1,Vesna HODNIK,,12049637
fl:da_ln:ladret-1,Daniel Ladret,,10191118
fl:ch_ln:schlunke-1,Christopher K. Schlunke,,4753213
fl:mi_ln:trennepohl-1,Michael Dale Trennepohl,,9913761
fl:in_ln:geuens-1,Ingrid Geuens,,7172852
fl:ts_ln:kato-14,Tsuyoshi Kato,,9938304
fl:ta_ln:semingson-1,Taylor Semingson,,11304733
fl:ri_ln:codos-1,Richard Codos,,8016380
fl:ge_ln:senger-2,Gerhard Franz-Josef Senger,,D283695
fl:br_ln:bellamy-1,Brandon Bellamy,,D828136
fl:al_ln:ross-7,Alexander Evan Ross,,11839900
fl:ki_ln:jung-14,Kil-soo Jung,,9031380
fl:ke_ln:tsukamoto-12,Keisuke Tsukamoto,,7788691
fl:jo_ln:green-68,Joseph C. Green,,11826149
fl:da_ln:wilson-22,David P. Wilson,,4836947
fl:ji_ln:yan-33,Jianfei Yan,,12453801
fl:no_ln:yoshimura-7,Nobuhiro YOSHIMURA,,12240977
fl:ma_ln:boyd-2,Malcolm Stanley Boyd,,9155838
fl:ja_ln:wyatt-9,Jacqueline Wyatt,,6558633
fl:la_ln:melvin-2,"Lawrence S. Melvin, III",,7739651
fl:wa_ln:williamson-4,"Warren P. Williamson, IV",,10166024
fl:je_ln:peterson-27,Jeffrey M. Peterson,,7723815
fl:ka_ln:nakayama-38,Kazutaka Nakayama,,11633866
fl:vi_ln:welmann-1,Vitali Welmann,,12378632
fl:mi_ln:laine-2,Michael Laine,,10143236
001mge3ejdqbcj6k33fevziqm,Lynn B. Sauter,,5813353
fl:wi_ln:curtis-4,William M. Curtis,,12116468
fl:sh_ln:chen-346,Shih-I Chen,,8263998
fl:jo_ln:dekoning-4,Johannes J.M. de Koning,,5345083
fl:va_ln:sherman-2,Vadim Sherman,,10470687
fl:al_ln:hegedus-2,Alexander M. Hegedus,,11284724
fl:ro_ln:foster-1,Robin H. Foster,,7035927
fl:os_ln:marcia-1,Oscar Marcia,,10616628
fl:na_ln:camacho-1,Nancy P. Camacho,,6934576
fl:lo_ln:noel-1,Louis Noel,,8430032
fl:ic_ln:sawamura-2,Ichiro Sawamura,,4090921
fl:ha_ln:singh-9,Harpreet Singh,,10294288
fl:sh_ln:tsujimoto-10,Shinichi Tsujimoto,,4952967
fl:ma_ln:roy-45,Matthew Roy,,11780469
fl:ed_ln:givens-1,Edwin N. Givens,,4272501
fl:ke_ln:mundt-2,Kevin Mundt,,8740436
fl:ba_ln:kroon-1,Bart Kroon,,9798151
fl:mo_ln:jigstam-1,Monica Jigstam,,5929015
fl:sh_ln:gao-155,Shumin Gao,,12247585
fl:pu_ln:lu-2,Pu-Ping Lu,,10076519
fl:ro_ln:vanderlaan-1,Roger van der Laan,,9968847
fl:st_ln:fleming-8,Stephen Jordan Fleming,,11035847
fl:an_ln:nadkarni-1,Anil V. Nadkarni,,6536352
fl:jo_ln:schaffeld-1,John Schaffeld,,D527799
001nwy7n73l5zr8pme6w7gbls,Aaron Michael Burrry,,8582819
fl:ju_ln:clack-1,Justin Clack,,10998797
fl:ja_ln:larson-9,James R. Larson,,5554469
fl:se_ln:lee-562,Seok Ju Lee,,10692631
fl:da_ln:skibinski-2,David Skibinski,,9045470
fl:ts_ln:yu-31,Tsung-Yuan Yu,,9349665
fl:ry_ln:nakabayashi-3,Ryo Nakabayashi,,7643254
fl:ju_ln:molnar-1,Judith R. Molnar,,5397368
fl:to_ln:su-2,Tongshang Su,,11469260
fl:al_ln:lell-1,Alfred Lell,,10637211
fl:ha_ln:bergstrom-2,Hans R. Bergstrom,,4505145
fl:el_ln:cosgriffhernandez-1,Elizabeth L. Cosgriff-Hernandez,,9670308
fl:go_ln:chapman-2,Gordon R. Chapman,,5136969
fl:an_ln:johnson-49,Andrew Johnson,,10367107
fl:mi_ln:ikarashi-2,Minoru Ikarashi,,10804321
fl:pa_ln:surrey-1,Paul Surrey,,9315972
fl:mi_ln:leibow-1,Michael Leibow,,9524140
fl:is_ln:chanclon-1,Ismael Chanclon,,10632675
fl:gu_ln:jiang-64,Guilin Jiang,,12305967
fl:ch_ln:koller-4,Charles Koller,,8789713
fl:jo_ln:dalton-24,Jonathan Dalton,,D761617
fl:be_ln:keiper-2,Bernd Keiper,,8115792
fl:lu_ln:gutierrez-5,Luis Javier Gutierrez,,8657530
fl:co_ln:shattuck-1,Colman D. Shattuck,,10086935
fl:be_ln:kim-36,Beom Jin Kim,,8268092
fl:jo_ln:bouharb-1,Joseph Bou Harb,,D895887
fl:jo_ln:peterson-47,John L. Peterson,,4941324
fl:zh_ln:su-122,Zhong Su,,8838650
fl:sh_ln:iwatani-8,Shiro Iwatani,,4803377
fl:ji_ln:liu-177,Jianyi Liu,,11716976
fl:ta_ln:kasahara-16,Takashi Kasahara,,8520248
fl:ta_ln:ogino-8,Takashi Ogino,,7883200
fl:ha_ln:terry-2,Harold Terry,,9915307
fl:we_ln:you-4,Wen-Chun You,,12426514
fl:fr_ln:guyon-2,Franck Guyon,,11236975
fl:na_ln:roth-2,Nathaniel Roth,,11232577
fl:jo_ln:liskowitz-1,John W. Liskowitz,,5624491
fl:cr_ln:deroy-1,Craig I. DeRoy,,8527401
fl:so_ln:lee-144,Soon Young LEE,,10191099
fl:ju_ln:ito-5,Jun Ito,,12358193
001q34w80gyh1jzoudyz9jr9n,Maurice G. Bellville,,D457932
fl:sc_ln:townley-1,Scott A. Townley,,9749880
fl:ka_ln:sakane-1,Kazuo Sakane,,5401734
fl:ry_ln:white-6,Ryan White,,7997106
fl:ja_ln:heath-14,Jan Heath,,9202682
fl:pe_ln:strzepa-1,Peter Strzepa,,9668865
fl:ik_ln:saiki-2,Ikuo Saiki,,5436221
fl:lu_ln:canzek-1,Ludvik Canzek,,4547045
fl:ta_ln:sodeyama-1,Tadashi Sodeyama,,7659637
fl:me_ln:duan-2,Mengyuan Duan,,12509374
fl:tu_ln:pham-16,Tuan Pham,,11625417
fl:ed_ln:ray-2,"Eddie F. Ray, III",,6375655
fl:je_ln:friedt-2,Jean-Michel Friedt,,8392128
001r3z1h180rcgot1pjkn72e2,Frederick G. Giglioli,,4095250
fl:ju_ln:montojo-1,Juan Montojo,,11838917
fl:ja_ln:storch-2,James C. Storch,,5676980
fl:th_ln:senese-1,Thomas J. Senese,,9071964
fl:sh_ln:michimoto-1,Shohei Michimoto,,7689976
fl:ma_ln:chetlur-1,Malolan Chetlur,,9152220
fl:de_ln:trivedi-1,Deepak Trivedi,,11506077
fl:el_ln:poppe-1,Elisabeth Poppe,,8377890
fl:ol_ln:liberg-1,Olof Liberg,,12082011
001rlvegetlsvjw2h8qhksgsr,Jerry Flournoy,,5619978
fl:ar_ln:ahmadivand-1,Arash Ahmadivand,,9923267
fl:ni_ln:smolyanskiy-1,Nikolay Smolyanskiy,,9930039
fl:se_ln:lee-37,Seong-Nam Lee,,7976910
fl:va_ln:devassy-1,Varghese Devassy,,7409509
fl:je_ln:schueler-1,Jeremy R. Schueler,,10431375
fl:ge_ln:selvin-1,Gerald J. Selvin,,3963297
fl:ko_ln:tamura-7,Kotaro Tamura,,11278586
fl:ch_ln:liu-868,Cheh-Kang Liu,,D564948
fl:da_ln:stolarz-1,Damien Phelan Stolarz,,10356123
fl:ti_ln:kraft-2,Timothy J. Kraft,,6685861
001sh51t5ft5hbegqhzo1y4or,Michael M. Stamler,,4453132
fl:ji_ln:mccullough-1,Jimmy D. McCullough,,5182053
fl:ko_ln:enomoto-6,Kouji Enomoto,,6340200
fl:st_ln:wright-28,Steven A. Wright,,7779162
fl:ma_ln:rixon-2,Mark W. Rixon,,12304943
fl:ke_ln:strope-1,Kerry M. Strope,,PP13180
fl:ji_ln:yong-12,Jinfeng Yong,,D1067396
fl:to_ln:kawasaki-30,Tomonori Kawasaki,,4106087
fl:ce_ln:gonzales-1,Cesar A. Gonzales,,8825811
fl:al_ln:schrinsky-1,Alex J. Schrinsky,,7468533
fl:to_ln:kuroda-6,Toshimasa Kuroda,,4356234
fl:ja_ln:zhang-9,Jack Zhang,,7962315
fl:er_ln:baumann-1,Ernst Baumann,,5932730
fl:gu_ln:devreese-1,Guy De Vreese,,8956162
fl:ju_ln:kitera-1,Jun Kitera,,D361084
fl:pe_ln:bohus-1,Peter Bohus,,5026895
fl:su_ln:park-73,Sung Ho Park,,8399882
fl:er_ln:vanpraet-2,Erik Van Praet,,6268442
fl:be_ln:du-1,Benjamin R. Du,,6099264
fl:yu_ln:zhang-286,Yun Zhang,,11958850
fl:ca_ln:finlay-1,Callum Niall Fergus Finlay,,7947642
fl:ya_ln:yamamoto-28,Yasushi Yamamoto,,10712099
fl:ru_ln:wiedemann-1,Rudolf A. Wiedemann,,7092031
fl:ra_ln:olsen-8,Raymond E. Olsen,,8444701
fl:se_ln:jinta-1,Seiichiro Jinta,,8411016
fl:ju_ln:nishino-3,Junki Nishino,,11063498
fl:to_ln:trojacki-1,Tomasz Trojacki,,12484429
fl:ak_ln:hirata-8,Akihiko Hirata,,6060756
fl:ed_ln:stein-4,Edward Stein,,11036350
fl:ke_ln:kanarik-1,Keren Jacobs Kanarik,,9576811
fl:sa_ln:alshaibani-1,Samil Alshaibani,,12031551
fl:do_ln:kim-187,Dong Soo Kim,,11389693
fl:ke_ln:smith-44,Kevin Smith,,5833353
fl:ga_ln:lim-8,Gak-Soo Lim,,11991150
fl:sa_ln:no-2,Sang Yong NO,,8941725
fl:hi_ln:kikuchi-43,Hiroyoshi Kikuchi,,5073693
fl:ro_ln:williams-146,Roosevelt Williams,,5335440
fl:ni_ln:andries-1,Nicole Andries,,6096701
fl:ka_ln:furumochi-1,Kazuto Furumochi,,5734622
fl:ta_ln:tan-24,Tao Tan,,11842485
fl:mi_ln:nienoord-1,Michiel Nienoord,,8641786
001v00g4g8h2a9x26n0kaix49,Lester B. Wilkens,,8516778
fl:ro_ln:cohen-10,Robert A. Cohen,,8811760
fl:ho_ln:oh-16,Hokil Oh,,12057440
fl:yu_ln:oki-8,Yusuke Oki,,11507842
fl:la_ln:boni-3,Lawrence Boni,,7718189
fl:pe_ln:ribnitz-1,Peter Ribnitz,,4302481
fl:an_ln:povinelli-1,Anthony J. Povinelli,,9931926
fl:ke_ln:turner-3,Kenneth W. Turner,,6761230
fl:pe_ln:benko-1,Péter Benkö,,8284044
fl:ma_ln:pratt-5,Mark Pratt,,6952510
fl:se_ln:gibanel-1,Sebastien Gibanel,,12377438
fl:xi_ln:zhao-144,Xinglong ZHAO,,11085279
fl:ha_ln:alshemari-1,Hasan M. Sh. Sh. Alshemari,,8382777
fl:kl_ln:waltenberg-1,Klaus Waltenberg,,8409311
fl:ma_ln:murata-18,Masae Murata,,5481514
fl:sh_ln:togawa-3,Shinichi Togawa,,7033662
fl:ja_ln:plogsties-1,Jan Plogsties,,10854213
fl:ge_ln:ho-1,Geoffrey Matthew Ho,,11264680
fl:je_ln:ok-3,Jerry Ok,,7142909
fl:go_ln:collier-1,Gordon Bruce Collier,,9441259
fl:ju_ln:umetsu-1,Jun Umetsu,,9312646
fl:ka_ln:yoshida-31,Katsuhiko Yoshida,,5245895
fl:so_ln:rubin-1,Sol R. Rubin,,4569259
fl:ts_ln:hashino-1,Tsukasa Hashino,,7200324
fl:we_ln:chen-509,Wen-Pin Chen,,8284377
fl:yu_ln:saito-36,Yuji Saito,,7814645
fl:ph_ln:keaton-1,Phillip Keaton,,7830052
fl:ge_ln:rockstein-1,George B. Rockstein,,5984187
fl:do_ln:taylor-18,Donald M. Taylor,,3941917
fl:wi_ln:lutton-2,William H. Lutton,,8151109
fl:ph_ln:troebner-1,Philipp Troebner,,8771175
fl:is_ln:takobe-1,Isao Takobe,,12463645
fl:ch_ln:kohlpaintner-1,Christian Kohlpaintner,,5612428
001wwao8tcfowqif3g924pk7j,Jill Kathleen Sestini,,9129250
fl:pe_ln:chaikowsky-1,Peter Chaikowsky,,D1061887
fl:fa_ln:audeval-1,Fabrice Audeval,,5800187
fl:yo_ln:oh-18,Yong-soo Oh,,6692112
fl:ru_ln:zahorik-1,Russell C. Zahorik,,6812139
fl:sw_ln:daingade-1,Swapnil Daingade,,9819497
fl:ai_ln:kawamoto-1,Aiko Kawamoto,,9599010
fl:we_ln:ding-47,Wei Ding,,D677287
fl:au_ln:marchetti-1,Augusto Marchetti,,4972654
fl:pe_ln:bressler-2,Peter Bressler,,5466223
fl:ta_ln:yamanaka-18,Takahiko Yamanaka,,11258047
fl:da_ln:lueneburg-1,David C. Lueneburg,,11397286
fl:kr_ln:mukkavilli-1,Krishna Kiran Mukkavilli,,12156277
