patent_id,title,filing_date,year,abstract
10000000,Coherent LADAR using intra-pixel quadrature detection,2018-06-19,2018,
10000001,Injection molding machine and mold thickness control method,2018-06-19,2018,
10000002,Method for manufacturing polymer film and co-extruded film,2018-06-19,2018,
10000003,Method for producing a container from a thermoplastic,2018-06-19,2018,
10000004,"Process of obtaining a double-oriented film, co-extruded, and of low thickness made by a three bubble process that at the time of being thermoformed provides a uniform thickness in the produced tray",2018-06-19,2018,
10000005,Article vacuum formation method and vacuum forming apparatus,2018-06-19,2018,
10000006,Thermoforming mold device and a process for its manufacture and use,2018-06-19,2018,
10000007,PEX expanding tool,2018-06-19,2018,
10000008,Bracelet mold and method of use,2018-06-19,2018,
10000009,Sterile environment for additive manufacturing,2018-06-19,2018,
10000010,3-D electrostatic printer using rack and pinion registration system,2018-06-19,2018,
10000011,Supports for sintering additively manufactured parts,2018-06-19,2018,
10000014,Method for producing thermoplastic foam panels by means of at least two heating elements offset in parallel with each other,2018-06-19,2018,
10000015,"Methods for making optical components, optical components, and products including same",2018-06-19,2018,
10000016,Film edge sealing device,2018-06-19,2018,
10000017,Method for mounting a vortex generator and mounting apparatus for carrying out the method,2018-06-19,2018,
10000018,Pull tab design for stretch release adhesive,2018-06-19,2018,
10000019,Installation assembly and associated method for forming a bonded joint,2018-06-19,2018,
10000020,Method and device for producing areas in a printed object having different coefficients of friction,2018-06-19,2018,
10000021,Method for manufacturing three-dimensional shaped object and three-dimensional shaped object obtained by the same,2018-06-19,2018,
10000022,Method for processing PAEK and articles manufactured from the same,2018-06-19,2018,
10000023,Apparatus and method for forming three-dimensional objects using linear solidification,2018-06-19,2018,
10000024,Apparatus and method for control of three-dimensional printing,2018-06-19,2018,
10000025,Optimized cross-ply orientation in composite laminates,2018-06-19,2018,
10000026,Composite induction consolidation apparatus and method,2018-06-19,2018,
10000027,Apparatus and method for reshaping plastic preforms into plastic containers with an automatic changing device for handling parts,2018-06-19,2018,
10000028,Mechanical fastening nets and methods of making the same,2018-06-19,2018,
10000029,Transmission belt manufacturing method and transmission belt,2018-06-19,2018,
10000030,Manufacturing method of pneumatic tire,2018-06-19,2018,
10000031,Method for contour shaping honeycomb structures,2018-06-19,2018,
10000032,Method for operating a press with an underneath drive and press operated according thereto,2018-06-19,2018,
10000033,"Washable, waterproof, sealable and reusable storage bags",2018-06-19,2018,
10000034,Envelope Making Plate,2018-06-19,2018,
10000035,"Lightweight, high flow hose assembly and method of manufacture",2018-06-19,2018,
10000036,High kinetic energy penetrator shielding and high wear resistance materials fabricated with boron nitride nanotubes (BNNTS) and BNNT polymer composites,2018-06-19,2018,
10000037,Transparent laminate and protective tool including the same,2018-06-19,2018,
10000038,Alloy plate coated material and method of producing alloy plate coated material,2018-06-19,2018,
10000039,Multilayer interlayers having high Tg and high modulus,2018-06-19,2018,
10000040,"Floor panel, methods for manufacturing laminate panels and method for treating material sheets applied herewith",2018-06-19,2018,
10000041,Method for making a decorative multilaminar veneer,2018-06-19,2018,
10000042,Tearable polystyrene film laminate for packaging and pouch purposes,2018-06-19,2018,
10000043,Multilayer film for resealable packaging having improved resealing,2018-06-19,2018,
10000044,"Panel for making furnishings such as doors, boards, tables, furniture or the like",2018-06-19,2018,
10000045,"Multilayer tube for fuel transportation, fuel pump module provided with same, use of same, and use of fuel pump module",2018-06-19,2018,
10000046,Methods for creating thick laminate structures,2018-06-19,2018,
10000047,Method for manufacturing curved liquid crystal display panel,2018-06-19,2018,
10000048,Taping tool having improved tape advance,2018-06-19,2018,
10000049,Methods and apparatus for applying protective films,2018-06-19,2018,
10000050,"Method for the manufacture of a fibre composite component, a reinforcement element and also a fibre composite component",2018-06-19,2018,
10000051,System and method for removing three-dimensional printed parts from a platen using inductive heating and gravity,2018-06-19,2018,
10000052,Methods for rejuvenating an imaging member of an ink-based digital printing system,2018-06-19,2018,
10000053,Web displacer for a printing unit,2018-06-19,2018,
10000054,"Sheet-processing machine having a sheet-guiding drum, and method for producing a gripper system",2018-06-19,2018,
10000055,Method for operating a printing press,2018-06-19,2018,
10000056,Screen printing apparatus and paste kneading method,2018-06-19,2018,
10000057,Controlling nozzles in a print head,2018-06-19,2018,
10000058,"Liquid ejecting apparatus, drive circuit, and integrated circuit",2018-06-19,2018,
10000059,Printing apparatus and transmission cable,2018-06-19,2018,
10000060,Liquid ejecting head and liquid ejecting apparatus,2018-06-19,2018,
10000061,"Piezoelectric device, liquid ejecting head, and liquid ejecting apparatus",2018-06-19,2018,
10000062,Liquid ejecting apparatus,2018-06-19,2018,
10000063,Liquid containing member,2018-06-19,2018,
10000064,Cartridge having contact parts for fastening cartridge to holder,2018-06-19,2018,
10000065,Inkjet printing system having dynamically controlled ink reservoir,2018-06-19,2018,
10000066,"Liquid discharge head, liquid discharge device, and liquid discharge apparatus",2018-06-19,2018,
10000067,"Ink, inkjet recording method, and inkjet recorded matter",2018-06-19,2018,
10000068,Multi-drop inkjet printing apparatus,2018-06-19,2018,
10000069,Thermal transfer printer,2018-06-19,2018,
10000070,Printer and printer control method,2018-06-19,2018,
10000071,"Ribbon feeding apparatus, and tape printing apparatus equipped with the same",2018-06-19,2018,
10000072,Printer and printing jig,2018-06-19,2018,
10000073,Apparatus and method for printing on a curved glass surface,2018-06-19,2018,
10000074,Writing to an electronic imaging substate,2018-06-19,2018,
10000075,Multilayer imaging with a high-gloss clear ink layer,2018-06-19,2018,
10000076,Drying device and inkjet printer system including drying device,2018-06-19,2018,
10000078,Printer apparatus,2018-06-19,2018,
10000079,Printing device including holder supporting platen roller through bearings,2018-06-19,2018,
10000080,Random wave mask generation,2018-06-19,2018,
10000081,Transfer sheet,2018-06-19,2018,
10000082,Stamp with built-in leveling feature,2018-06-19,2018,
10000083,Thermosensitive recording medium,2018-06-19,2018,
10000084,Ink set and recording method,2018-06-19,2018,
10000085,Device and method for transferring flowable printing substances onto a printing material,2018-06-19,2018,
10000086,Binding device,2018-06-19,2018,
10000087,Method for detachable poster hanging and magnetic poster holder device,2018-06-19,2018,
10000088,Writing instrument and ink cartridge,2018-06-19,2018,
10000089,Multi-color marker,2018-06-19,2018,
10000090,Pneumatic radial tire for passenger vehicle,2018-06-19,2018,
10000091,Tire comprising a tread made up of several elastomeric compounds,2018-06-19,2018,
10000092,Pneumatic tire,2018-06-19,2018,
10000093,Tread protection device,2018-06-19,2018,
10000094,Heavy duty pneumatic tire,2018-06-19,2018,
10000095,Pneumatic tire with dimples on one or both sidewall outer surfaces,2018-06-19,2018,
10000096,Pneumatic tire,2018-06-19,2018,
10000097,Electrostatic energy generator using tire cord fabric,2018-06-19,2018,
10000098,"Tire pressure measurement device, an integrated circuit, a printed circuit board, a method and a computer program for a vehicle to receive data",2018-06-19,2018,
10000099,Tire pressure monitoring unit having a two-component housing,2018-06-19,2018,
10000100,Piezoelectric based system and method for determining tire load,2018-06-19,2018,
10000101,Machine for fitting and removing a tyre and method for operating the machine,2018-06-19,2018,
10000102,Tunable compact spring aid,2018-06-19,2018,
10000103,Method of controlling a vehicle active suspension system,2018-06-19,2018,
10000104,Damper with integrated electronics,2018-06-19,2018,
10000105,Ventilation duct for a motor vehicle,2018-06-19,2018,
10000106,Heating device for vehicle,2018-06-19,2018,
10000107,Vehicle air conditioner,2018-06-19,2018,
10000108,Refrigeration cycle device,2018-06-19,2018,
10000109,Vehicle air conditioning system,2018-06-19,2018,
10000110,Air conditioning system for motor vehicles,2018-06-19,2018,
10000111,Garnish and frame molding apparatus and method of producing a vehicle door,2018-06-19,2018,
10000112,Pelvic load management using integrated collapsible features in door trim panel,2018-06-19,2018,
10000113,Tonneau cover securing mechanism,2018-06-19,2018,
10000114,Truck cap with heavy duty mounting rack,2018-06-19,2018,
10000115,Method of operating a transmission,2018-06-19,2018,
10000116,Fuel filling aperture opening and closing device,2018-06-19,2018,
10000117,Filler neck closure assembly,2018-06-19,2018,
10000118,Clutch control device for four-wheel-drive vehicle,2018-06-19,2018,
10000119,Constant velocity drive assembly,2018-06-19,2018,
10000120,Work vehicle,2018-06-19,2018,
10000121,Vehicle computer system with transparent display,2018-06-19,2018,
10000122,Method for operating parallel auxiliary converters in a rail vehicle,2018-06-19,2018,
10000123,Hybrid vehicle,2018-06-19,2018,
10000124,"Independent steering, power, torque control and transfer in vehicles",2018-06-19,2018,
10000125,Power supply apparatus and method for hybrid vehicle,2018-06-19,2018,
10000126,Power-module assembly and method,2018-06-19,2018,
10000127,Parallel charging and power supply system for pure electric vehicle,2018-06-19,2018,
10000128,Method and apparatus for parking lot metering using activation codes,2018-06-19,2018,
10000129,Electric vehicle charging via grid and engine,2018-06-19,2018,
10000130,Charging management system and method for charger of electric vehicle,2018-06-19,2018,
10000131,Systems for determining relative position and orientation of a vehicle with respect to a charging station,2018-06-19,2018,
10000132,Charging indicator light control,2018-06-19,2018,
10000133,Systems and methods for identifying an ideal operation frequency for wireless power transfer,2018-06-19,2018,
10000134,Wireless charging system for charging vehicular battery,2018-06-19,2018,
10000135,Parking assist device,2018-06-19,2018,
10000136,Vehicle and charging control method of the vehicle,2018-06-19,2018,
10000137,Hybrid vehicle with means for disconnection of a depleted auxiliary battery in order to allow for more rapid main battery charging,2018-06-19,2018,
10000138,Cooling device of onboard secondary battery,2018-06-19,2018,
10000139,Safety system of fuel cell vehicle and control method for the same,2018-06-19,2018,
10000140,Method of controlling air blower of fuel cell vehicle,2018-06-19,2018,
10000141,Method and system for controlling fuel cell vehicle,2018-06-19,2018,
10000142,Head and neck restraining system,2018-06-19,2018,
10000143,Debris catching system for a child seat,2018-06-19,2018,
10000144,Hopper transportable in parts and assembly method,2018-06-19,2018,
10000145,Air bag system for lifting trailer platforms,2018-06-19,2018,
10000146,Adjustable and collapsible apparatus for loading and unloading pickup truck cargo beds,2018-06-19,2018,
10000147,Retractable recreational vehicle skirting,2018-06-19,2018,
10000148,Strap winding apparatus and method,2018-06-19,2018,
10000149,Container-securing device,2018-06-19,2018,
10000150,Lighting circuit and vehicle lamp,2018-06-19,2018,
10000151,Motor vehicle lighting device,2018-06-19,2018,
10000152,External audio alert system and method for vehicular use,2018-06-19,2018,
10000153,System for object indication on a vehicle display and method thereof,2018-06-19,2018,
10000154,Vehicle camera system having live video indication,2018-06-19,2018,
10000155,Method and device for reproducing a lateral and/or rear surrounding area of a vehicle,2018-06-19,2018,
10000156,Vehicle mirror mount assembly,2018-06-19,2018,
10000157,Controlling dimming of mirrors or displays using dual-function lighting,2018-06-19,2018,
10000158,Bag for storing and holding electronic and non-electronic items,2018-06-19,2018,
10000159,Storage bin system for a motor vehicle,2018-06-19,2018,
10000160,Vehicle article carrier with integrated camera and solar powered lighting,2018-06-19,2018,
10000161,Mounting structure for truck box side,2018-06-19,2018,
10000162,"Speaker device for vehicle, and vehicle having the speaker device",2018-06-19,2018,
10000163,Apparatus and method for restoring a camera mounting to a calibrated position,2018-06-19,2018,
10000164,Vehicle camera peripheral,2018-06-19,2018,
10000165,Pickup truck mounted toolbox,2018-06-19,2018,
10000166,Scoop for a water container built into the dividing wall,2018-06-19,2018,
10000167,Wire harness,2018-06-19,2018,
10000168,Vehicle electrical system and method for operating a vehicle electrical system,2018-06-19,2018,
10000169,"Power control apparatus, vehicle having the same, and method of controlling vehicle",2018-06-19,2018,
10000170,Bumper beam with embossed cover,2018-06-19,2018,
10000171,Vehicle energy-absorbing device,2018-06-19,2018,
10000172,Detecting hazards in anticipation of opening vehicle doors,2018-06-19,2018,
10000174,Head protection airbag device,2018-06-19,2018,
10000175,Driver airbag cover with emblem,2018-06-19,2018,
10000176,Vehicle seat part,2018-06-19,2018,
10000177,Airbag module,2018-06-19,2018,
10000178,Vehicle curtain airbag device,2018-06-19,2018,
10000179,"Airbag, airbag device, and automobile",2018-06-19,2018,
10000180,Pedestrian protection airbag device,2018-06-19,2018,
10000181,Pretensioner and safety belt assembly including the same,2018-06-19,2018,
10000182,Buckle device,2018-06-19,2018,
10000183,Belt retractor and method for tightening an unused vehicle belt,2018-06-19,2018,
10000184,Webbing take-up device,2018-06-19,2018,
10000185,Pressure unit and end fitting having a pressure unit of this type,2018-06-19,2018,
10000186,Belt assembly including plus-two-point belt reminder,2018-06-19,2018,
10000187,"Vehicle communication system, in-vehicle device, portable device, and computer program",2018-06-19,2018,
10000188,Robotic vehicle with integrated mobility enhancement and mast deployment,2018-06-19,2018,
10000189,Hydraulic jack retrofit for trailer,2018-06-19,2018,
10000190,"Cooling device, and steering bogie and vehicle provided with same",2018-06-19,2018,
10000191,Brake system and method for controlling a brake system,2018-06-19,2018,
10000192,Electro-mechanical brake for increasing braking force,2018-06-19,2018,
10000193,Integrated dynamic brake apparatus,2018-06-19,2018,
10000194,"Method, controller and system for monitoring brake operation",2018-06-19,2018,
10000195,Bicycle control apparatus,2018-06-19,2018,
10000196,Apparatus and method for controlling torque reduction of hybrid electric vehicle,2018-06-19,2018,
10000197,Mild hybrid powertrain controls,2018-06-19,2018,
10000198,Control system and control method,2018-06-19,2018,
10000199,"Hybrid electric vehicle, drive control method and device of the same",2018-06-19,2018,
10000200,Torque reserve in a hybrid system,2018-06-19,2018,
10000201,Driving mode control method and apparatus of hybrid electric vehicle,2018-06-19,2018,
10000202,Device and method for controlling running mode of hybrid electric vehicle,2018-06-19,2018,
10000203,EV mode shift strategy for hybrid vehicle,2018-06-19,2018,
10000204,Apparatus and method for learning touch point of engine clutch of hybrid electric vehicle,2018-06-19,2018,
10000205,Fail-safe control apparatus for hybrid vehicles,2018-06-19,2018,
10000206,Control apparatus for power transmission system,2018-06-19,2018,
10000207,Vehicle hitch detection system and method,2018-06-19,2018,
10000208,Vehicle control apparatus,2018-06-19,2018,
10000209,Vehicle steering control apparatus,2018-06-19,2018,
10000210,Lane recognition apparatus,2018-06-19,2018,
10000211,Vehicle travel control apparatus,2018-06-19,2018,
10000212,Vehicle and method for controlling distance between traveling vehicles,2018-06-19,2018,
10000213,Spare tire detection,2018-06-19,2018,
10000214,Vehicle controls including dynamic vehicle parameter determination,2018-06-19,2018,
10000215,Detection and reconstruction of pitch rate sensor fault,2018-06-19,2018,
10000216,Engaging and disengaging for autonomous driving,2018-06-19,2018,
10000217,"Notification-needed information presenting apparatus, notification-needed information presenting method, and non-transitory computer readable storage medium",2018-06-19,2018,
10000218,Bi-modal traffic system,2018-06-19,2018,
10000219,Rail vehicle with a completely retractable coupling,2018-06-19,2018,
10000220,Brake cylinder with integrated wear adjusting device for rail vehicles,2018-06-19,2018,
10000221,Pit cover,2018-06-19,2018,
10000222,Methods and systems of determining end of train location and clearance of trackside points of interest,2018-06-19,2018,
10000223,Rail track geometry measurement,2018-06-19,2018,
10000224,Handling device for the maintenance of agitator ball mills and method for maintaining an agitator ball mill,2018-06-19,2018,
10000225,Mobile child support device,2018-06-19,2018,
10000226,Infant stroller apparatus,2018-06-19,2018,
10000227,Electric power steering device and method for assembling the same,2018-06-19,2018,
10000228,Steering apparatus,2018-06-19,2018,
10000229,Steering column device,2018-06-19,2018,
10000230,Vehicle for line marking,2018-06-19,2018,
10000231,Device for applying an auxiliary force in a motor vehicle steering system,2018-06-19,2018,
10000232,Steering assist device,2018-06-19,2018,
10000233,Method of controlling an inverter during MOSFET shorts,2018-06-19,2018,
10000234,Steering control apparatus and method of steer-by-wire system,2018-06-19,2018,
10000235,Steering control device,2018-06-19,2018,
10000236,Vehicle control device,2018-06-19,2018,
10000237,Driving support device for vehicle steering systems in lane assist and collision avoidance modes,2018-06-19,2018,
10000238,Modular system,2018-06-19,2018,
10000239,Automobile vehicle body structure,2018-06-19,2018,
10000240,Vehicle high voltage equipment mounting for rear-end collisions,2018-06-19,2018,
10000241,Rocker reinforcement bracket having anti-corrosion holes,2018-06-19,2018,
10000242,Bottom rail assembly for trailers,2018-06-19,2018,
10000243,"Structural body of differing thicknesses, and method of manufacturing thereof",2018-06-19,2018,
10000244,Tiltable cabin,2018-06-19,2018,
10000245,Inflatable panel housing for an aerodynamic fairing assembly,2018-06-19,2018,
10000246,Vehicle with front spoiler,2018-06-19,2018,
10000247,Crawler track,2018-06-19,2018,
10000248,Rotatable robot foot with perpendicular soles,2018-06-19,2018,
10000249,Bicycle pedal,2018-06-19,2018,
10000250,Leaning vehicle with wheel speed sensor,2018-06-19,2018,
10000251,Motorcycle throttle lock cruise control,2018-06-19,2018,
10000252,Swingarm support structure,2018-06-19,2018,
10000253,Bicycle crank assembly,2018-06-19,2018,
10000254,Bicycle pedal,2018-06-19,2018,
10000255,Bicycle drive unit and bicycle equipped with the drive unit,2018-06-19,2018,
10000256,Bicycle sprocket,2018-06-19,2018,
10000257,Watercraft,2018-06-19,2018,
10000258,Vessel with selectively deployable hull members,2018-06-19,2018,
10000259,Suction anchor,2018-06-19,2018,
10000260,Systems and methods for pressure tolerant energy systems,2018-06-19,2018,
10000261,"System, method, and apparatus for stabilizing a boat",2018-06-19,2018,
10000262,"Data-processing device, program, recording medium and data-processing method for generation of data that indicates navigation performance of ship",2018-06-19,2018,
10000263,Underwater system and method,2018-06-19,2018,
10000264,Underwater watercraft,2018-06-19,2018,
10000265,Controlling buoyancy of an underwater vehicle using a dual-internal-reservoir configuration to enhance efficiency of inflating and deflating an external chamber,2018-06-19,2018,
10000266,Aquatic jet propulsion device,2018-06-19,2018,
10000267,Methods for trimming trimmable marine devices with respect to a marine vessel,2018-06-19,2018,
10000268,Systems and methods for controlling a marine vessel having a joystick with adjustable display,2018-06-19,2018,
10000269,Column based electric assist marine power steering,2018-06-19,2018,
10000270,"Moving body control device, moving body control method, and moving body control program",2018-06-19,2018,
10000271,Door construction with gap sealing device and method for sealing a gap between a door and a door frame,2018-06-19,2018,
10000272,Thermal acoustic insulation blankets,2018-06-19,2018,
10000273,Passive load alleviation for a fiber reinforced wing box of an aircraft with a stiffened shell structure,2018-06-19,2018,
10000274,Mitigation of surface discontinuities between flight control surfaces and an airframe of an aircraft,2018-06-19,2018,
10000275,Aircraft hybrid flight control system,2018-06-19,2018,
10000276,"Pushing device, moving mechanism and aircraft",2018-06-19,2018,
10000277,Perforated surface for suction-type laminar flow control,2018-06-19,2018,
10000278,Landing gear for an aircraft comprising an obstacle detector,2018-06-19,2018,
10000279,Retractable landing gear,2018-06-19,2018,
10000280,Device for mounting an aircraft tail wheel,2018-06-19,2018,
10000281,"Control method for controlling a buoyancy system for an aircraft, a buoyancy system, and an aircraft",2018-06-19,2018,
10000282,Aircraft landing gear assembly,2018-06-19,2018,
10000283,Negative spring compensation for elastomeric bearing torque,2018-06-19,2018,
10000284,Collaborative unmanned aerial vehicle for an inventory system,2018-06-19,2018,
10000285,Methods and systems for detecting and resolving failure events when raising and lowering a payload,2018-06-19,2018,
10000286,Pivot bin assembly with lift assist,2018-06-19,2018,
10000287,Drop down overhead galley stowage system,2018-06-19,2018,
10000288,Laterally and recline adjustable aircraft passenger seat,2018-06-19,2018,
10000289,Temperature control gasper apparatus,2018-06-19,2018,
10000290,Electro-expulsive deicing apparatuses comprising at least one standoff,2018-06-19,2018,
10000291,Aircraft evacuation slide,2018-06-19,2018,
10000292,Multipurpose lane divider for evacuation slide,2018-06-19,2018,
10000293,Gas-electric propulsion system for an aircraft,2018-06-19,2018,
10000294,Aircraft fuel tank flammability reduction method and system,2018-06-19,2018,
10000295,Aircraft fuel vent pipe,2018-06-19,2018,
10000296,Electrical control system,2018-06-19,2018,
10000297,Aircraft display systems and methods for generating horizontal situation indicator graphics with enhanced symbology,2018-06-19,2018,
10000298,Metrology system for positioning assemblies,2018-06-19,2018,
10000299,Self-repair structures and methods for making the same,2018-06-19,2018,
10000300,"Device for holding and aligning a useful component, in particular a space travel component",2018-06-19,2018,
10000301,Method for dispensing moist smokeless tobacco,2018-06-19,2018,
10000302,Method of forming a stack of cosmetic pads,2018-06-19,2018,
10000303,Container comprising integral film lid,2018-06-19,2018,
10000304,Method for sanitizing and filling containers,2018-06-19,2018,
10000305,Antioxidant-stabilized joint implants,2018-06-19,2018,
10000306,Variable volume containers useful in pack-off operations,2018-06-19,2018,
10000307,Transporter device and method for conveying objects to be labeled or stamped,2018-06-19,2018,
10000308,Automated labeling method and apparatus,2018-06-19,2018,
10000309,Labelling machine and method,2018-06-19,2018,
10000310,Inner seal with an overlapping partial tab layer,2018-06-19,2018,
10000311,Method and apparatus for constructing pallets,2018-06-19,2018,
10000312,Combination food storage and serving device,2018-06-19,2018,
10000313,Holder with bottle,2018-06-19,2018,
10000314,Container and method for making the same,2018-06-19,2018,
10000315,Collapsible cooler liner,2018-06-19,2018,
10000316,One-way valve for a compressible container and container with such a valve,2018-06-19,2018,
10000317,"Pail, closing ring, and method for assembling a pail",2018-06-19,2018,
10000318,Safety device against excess temperature,2018-06-19,2018,
10000319,Sealable drinking container with air-extracting mechanism for oxygenation suppression,2018-06-19,2018,
10000320,Wine cork with built-in gas activated mini-corkscrew,2018-06-19,2018,
10000321,"Tray system for display, storage and transportation of bottles",2018-06-19,2018,
10000322,Hang tag for displaying an object,2018-06-19,2018,
10000323,Packages and methods for manufacturing packages,2018-06-19,2018,
10000324,Packing bag and manufacturing method for the same,2018-06-19,2018,
10000325,Flexible stand-up pouch container for flowable products,2018-06-19,2018,
10000326,Plastic beer keg,2018-06-19,2018,
10000327,Tip indicator and packaging box equipped with same,2018-06-19,2018,
10000328,Vehicle fuel tank for improved crashworthiness,2018-06-19,2018,
10000329,Thermally insulated shipping container,2018-06-19,2018,
10000330,Modular spray cap,2018-06-19,2018,
10000331,"Bottle change apparatus, substrate treatment apparatus, bottle change method, bottle cap, bottle cap change apparatus and bottle cap change method",2018-06-19,2018,
10000332,Display and distribution package for eggs,2018-06-19,2018,
10000333,Shipping strap assembly for a vibratory screening machine,2018-06-19,2018,
10000334,Liquid holding container,2018-06-19,2018,
10000335,Capsule for preparing beverages,2018-06-19,2018,
10000336,Automated rack unloading apparatus,2018-06-19,2018,
10000337,Apparatus for retrieving units from a storage system,2018-06-19,2018,
10000338,Automated system for transporting payloads,2018-06-19,2018,
10000339,Gravity-fed housing for gasification system,2018-06-19,2018,
10000340,Vented bucket,2018-06-19,2018,
10000341,Conveyor system and method,2018-06-19,2018,
10000342,Conveying device for conveying goods and method for conveying goods,2018-06-19,2018,
10000343,"Vibratory conveying apparatus comprising trough attachment/detachment mechanism, and combination weighing apparatus",2018-06-19,2018,
10000344,Product flow regulator,2018-06-19,2018,
10000345,Conveyor device with flow limiting device,2018-06-19,2018,
10000346,Transporting element for a distributing conveyor of a sorter of a sorting installation,2018-06-19,2018,
10000347,Adjustable multi-hole orifice in a pneumatic conveying apparatus,2018-06-19,2018,
10000348,Assembly comprising a pallet lift and a palletizing device,2018-06-19,2018,
10000349,Drive transmission device and sheet conveying device and image forming apparatus provided with same,2018-06-19,2018,
10000350,Conveyor and recording apparatus including same,2018-06-19,2018,
10000351,Splicer device,2018-06-19,2018,
10000352,Electronic component supply apparatus and electronic component supply method,2018-06-19,2018,
10000353,Air vortex assisted sheet flipping device,2018-06-19,2018,
10000354,Conveyance apparatus and image recording apparatus,2018-06-19,2018,
10000355,Sheet processing device and image forming device provided with the sheet processing device,2018-06-19,2018,
10000356,Apparatus and method for a free-spinning wire dispensing reel,2018-06-19,2018,
10000357,Passive tensioning system for composite material payout control,2018-06-19,2018,
10000358,Rapid deployment frac water transfer system,2018-06-19,2018,
10000359,Collapsible cord spool,2018-06-19,2018,
10000360,Resizable cord holder for storing and unwinding cord bundles,2018-06-19,2018,
10000361,Hose winding device,2018-06-19,2018,
10000362,Elevator control device,2018-06-19,2018,
10000363,Pipe flange lifting apparatus,2018-06-19,2018,
10000364,Vehicle with winch,2018-06-19,2018,
10000365,Pulley for high-efficiency winch,2018-06-19,2018,
10000366,Brake torque control,2018-06-19,2018,
10000367,Method for operating a lift system,2018-06-19,2018,
10000368,Hoist system for retrofitting small scissor lift to access enclosed areas in building structure,2018-06-19,2018,
10000369,Beverage bottle closing machine being configured and disposed to close tops of filled beverage bottles with screw-type and other caps,2018-06-19,2018,
10000370,Container-less custom beverage vending invention,2018-06-19,2018,
10000371,Connector and socket,2018-06-19,2018,
10000372,Portable overflow prevention dispensing container,2018-06-19,2018,
10000373,Nano-electromechanical system (NEMS) device structure and method for forming the same,2018-06-19,2018,
10000374,MEMS component,2018-06-19,2018,
10000375,Structures and process for preventing a projection of the laser resealing structure beyond the wafer surface,2018-06-19,2018,
10000376,Method for producing a micro-electromechanical component and a micro-electromechanical component,2018-06-19,2018,
10000377,Nanostructured metal amides and nitrides for hydrogen storage,2018-06-19,2018,
10000378,Carbon monoxide shift reaction apparatus and carbon monoxide shift conversion method,2018-06-19,2018,
10000379,Process for the preparation of syngas,2018-06-19,2018,
10000380,Method for the manufacture of polymeric sulfur,2018-06-19,2018,
10000381,Systems and methods for growing a non-phase separated group-III nitride semiconductor alloy,2018-06-19,2018,
10000382,Method for carbon materials surface modification by the fluorocarbons and derivatives,2018-06-19,2018,
10000383,CO2 recovery apparatus and CO2 recovery method,2018-06-19,2018,
10000384,Method of laser direct synthesis of graphene,2018-06-19,2018,
10000385,Process of converting textile or plastic solid waste into activated carbon,2018-06-19,2018,
10000386,Method for forming of siliceous film and siliceous film formed using same,2018-06-19,2018,
10000387,Post-treatment of a zeolitic material,2018-06-19,2018,
10000388,Production of PCC,2018-06-19,2018,
10000389,System and method for controlling frothing during atmospheric leaching of metal sulphides using silicates,2018-06-19,2018,
10000390,Controlled microwave assisted synthesis of functionalized silica nanoparticles,2018-06-19,2018,
10000391,"Oil-water separation structure, method of preparing the same, oil-water separator, and oil-water separation method using oil-water separator",2018-06-19,2018,
10000392,Liquid treatment apparatus,2018-06-19,2018,
10000393,Enhancement of dewatering using soy flour or soy protein,2018-06-19,2018,
10000394,Compositions for removing hydrocarbons and halogenated hydrocarbons from contaminated environments,2018-06-19,2018,
10000395,High-magnesium concentrated liquid and high-magnesium potable-water mixing system,2018-06-19,2018,
10000396,Dissolution chamber system,2018-06-19,2018,
10000397,Multiple attached growth reactor system,2018-06-19,2018,
10000398,In-situ purification island structure and the construction method thereof,2018-06-19,2018,
10000399,Denitrification of saline industrial waste water,2018-06-19,2018,
10000400,Laundry wash water recycle system,2018-06-19,2018,
10000401,Produced water evaporation system,2018-06-19,2018,
10000402,Producing algal biomass and products from organic solid material,2018-06-19,2018,
10000403,"Organic-waste-processing apparatus, processing method, and control apparatus",2018-06-19,2018,
10000404,Glass manufacturing method using electric melting,2018-06-19,2018,
10000405,Stelvin/cork glass wine bottles,2018-06-19,2018,
10000407,Vacuum plate and method for manufacturing the same,2018-06-19,2018,
10000408,"Method for heating glass sheet, and glass tempering furnace",2018-06-19,2018,
10000409,Alkali-doped and alkali-free boroaluminosilicate glass,2018-06-19,2018,
10000410,Fast ion exchangeable glasses with high indentation threshold,2018-06-19,2018,
10000411,Insulating glass unit transparent conductivity and low emissivity coating technology,2018-06-19,2018,
10000412,Heat treatable coated glass pane,2018-06-19,2018,
10000413,Carbon-enhanced cement clinker,2018-06-19,2018,
10000414,Accelerated drying concrete compositions and methods of manufacturing thereof,2018-06-19,2018,
10000415,Insulating monolithic refractory material,2018-06-19,2018,
10000416,Lightweight gypsum products having enhanced water resistance,2018-06-19,2018,
10000417,"Fused cast refractory material based on aluminium oxide, zirconium dioxide and silicon dioxide, and use of such a material",2018-06-19,2018,
10000418,"Refractory product, use of zirconium dioxide, zirconium dioxide, method for manufacturing a refractory product and a refractory product manufactured therewith",2018-06-19,2018,
10000419,Compositions and methods associated with intercalating and exfoliating a sample,2018-06-19,2018,
10000420,Ceramic material and cutting tools made thereof,2018-06-19,2018,
10000421,Method of forming ceramic material containing aluminum particles,2018-06-19,2018,
10000422,Ceramic to ceramic joining method,2018-06-19,2018,
10000423,Direct metal bonding on carbon-covered ceramic contact projections of a ceramic carrier,2018-06-19,2018,
10000424,Fast firing method for ceramics,2018-06-19,2018,
10000425,Systems and methods for carbon structures incorporating silicon carbide whiskers,2018-06-19,2018,
10000426,Marking coating,2018-06-19,2018,
10000427,Phosphate solubilizing rhizobacteria bacillus firmus as biofertilizer to increase canola yield,2018-06-19,2018,
10000428,Method of processing organic waste,2018-06-19,2018,
10000429,Method and apparatus for operating a composter device,2018-06-19,2018,
10000430,Process for separating propylene mixed with propane by adsorption in a simulated moving bed,2018-06-19,2018,
10000431,"Process for the production of 1-chloro-3,3,3-trifluoropropene (HCFO-1233zd)",2018-06-19,2018,
10000432,Processes for the synthesis of chiral 1-alkanols,2018-06-19,2018,
10000433,Bisphenols and high-performance resins from terpenes,2018-06-19,2018,
10000435,Energy and environmentally integrated method for production of aromatic dicarboxylic acids by oxidation,2018-06-19,2018,
10000436,Method for preparing organic vapor-phase dehydration feedstock,2018-06-19,2018,
10000437,Nitrogen containing surfactants with alkoxylation on the hydroxyl group of fatty chains,2018-06-19,2018,
10000438,Small molecule inhibitors of TRPA1,2018-06-19,2018,
10000439,Process for producing alkyl acrylate,2018-06-19,2018,
10000440,Influencing the viscosity of N-butene-based ester mixtures by controlled use of ethene in the preparation of the ester precursors,2018-06-19,2018,
10000442,Certain metathesized natural oil triacylglycerol polyols for use in polyurethane applications and their related properties,2018-06-19,2018,
10000443,Compositions and methods for glucose transport inhibition,2018-06-19,2018,
10000444,Fluorine-containing ether monocarboxylic acid aminoalkyl ester and a method for producing the same,2018-06-19,2018,
10000445,Stable crystal modifications of DOTAP chloride,2018-06-19,2018,
10000446,Amino photo-reactive binder,2018-06-19,2018,
10000447,Compounds for targeting drug delivery and enhancing siRNA activity,2018-06-19,2018,
10000448,"Catalysts, methods, and systems for preparing carbamates",2018-06-19,2018,
10000449,Bisarylsulfonamides useful in the treatment of inflammation and cancer,2018-06-19,2018,
10000450,"N,N-substituted 3-aminopyrrolidine compounds useful as monoamines reuptake inhibitors",2018-06-19,2018,
10000451,MAP4K4 (HGK) inhibitors,2018-06-19,2018,
10000452,"Quinolone-based compounds, formulations, and uses thereof",2018-06-19,2018,
10000453,Chelation directed C—H activation reactions catalyzed by solid-supported palladium(II) catalysts,2018-06-19,2018,
10000454,Antidiabetic tricyclic compounds,2018-06-19,2018,
10000455,"Method for treating diseases associated with oxidative stress or endothelial dysfunction using substituted 1-pyrrolidinyloxy, 1-piperidinyloxy and 1-azepanyloxy compounds",2018-06-19,2018,
10000456,Polycyclic compounds as lysophosphatidic acid receptor antagonists,2018-06-19,2018,
10000457,Process for preparing imidazolium based ionic liquids with di-polymerized oxirane base,2018-06-19,2018,
10000458,"Production method of 1, 2, 4-triazole compound",2018-06-19,2018,
10000459,Heterocyclic compounds useful in the treatment of disease,2018-06-19,2018,
10000460,Chelate-controlled diastereoselective hydrogenation with heterogeneous catalyst,2018-06-19,2018,
10000461,Polycyclocarbonate compounds and polymers formed therefrom,2018-06-19,2018,
10000462,Optoelectronic material and organic optoelectronic device and image sensor,2018-06-19,2018,
10000463,Halogen-substituted heterocyclic compound,2018-06-19,2018,
10000464,"Process for preparing 3-[(4S)-8-bromo-1-methyl-6-(2-pyridinyl)-4H-imidazo[1,2-A][1,4]benzodiazepine-4-yl]propionic acid methyl ester or the benzene sulfonate salt thereof, and compounds useful in that process",2018-06-19,2018,
10000465,Antifungal compound process,2018-06-19,2018,
10000466,"Substituted 4,5,6,7-tetrahydropyrazolo[3,4-c]pyridines as factor XIa inhibitors",2018-06-19,2018,
10000467,Cyanine compounds,2018-06-19,2018,
10000468,Pyrazines as modulators of GPR6,2018-06-19,2018,
10000469,Heat shock protein 70 (hsp-70) receptor ligands,2018-06-19,2018,
10000470,Method for preparing nilotinib,2018-06-19,2018,
10000471,Pyrazole P38 map kinase inhibitors,2018-06-19,2018,
10000472,Photochromic compounds,2018-06-19,2018,
10000473,Indazole derivatives useful as glucagon receptor antagonists,2018-06-19,2018,
10000474,Histone deacetylase inhibitors and uses thereof,2018-06-19,2018,
10000475,Triazine carboxamides as sodium channel blockers,2018-06-19,2018,
10000476,"Pyridone derivative, pharmaceutical containing the same and methods of use thereof",2018-06-19,2018,
10000477,Dopamine D3 receptor antagonist compounds,2018-06-19,2018,
10000478,Pyrazol-3-ones that activate pro-apoptotic BAX,2018-06-19,2018,
10000479,Compounds and their methods of use,2018-06-19,2018,
10000480,"Amide-substituted heterocyclic compounds useful as modulators of IL-12, IL-23 and/or IFN alpha responses",2018-06-19,2018,
10000481,"1H-pyrrolo[2,3-B] pyridine derivatives and their use as kinase inhibitors",2018-06-19,2018,
10000482,Kinase inhibitors,2018-06-19,2018,
10000483,Bone marrow on X chromosome kinase (BMX) inhibitors and uses thereof,2018-06-19,2018,
10000484,Inhibitors of the renal outer medullary potassim channel,2018-06-19,2018,
10000486,Antiviral drugs for treatment of arenavirus infection,2018-06-19,2018,
10000487,Heterocyclic compounds that inhibit the kinase activity of Mnk useful for treating various cancers,2018-06-19,2018,
10000488,Heterocyclic compound,2018-06-19,2018,
10000489,Compounds αvβ6 integrin antagonists,2018-06-19,2018,
10000490,Inhibitors of the fibroblast growth factor receptor,2018-06-19,2018,
10000491,Process for producing diazabicyclooctane derivative and intermediate thereof,2018-06-19,2018,
10000492,Process for producing diazabicyclooctane derivative,2018-06-19,2018,
10000493,"Process and intermediates for the synthesis of 8-[{1-(3,5-bis-(trifluoromethyl)phenyl)-ethoxy}-methyl]-8-phenyl-1,7-diaza-spiro[4.5]decan-2-one compounds",2018-06-19,2018,
10000494,Small-molecule Hsp90 inhibitors,2018-06-19,2018,
10000495,Pyrrolotriazinones and imidazotriazinones as ubiquitin-specific protease 7 inhibitors,2018-06-19,2018,
10000496,Compositions useful for treating disorders related to kit and PDGFR,2018-06-19,2018,
10000497,Fused bicyclic heteroaromatic derivatives as kinase inhibitors,2018-06-19,2018,
10000498,"Selective proton coupled folate transporter and folate receptor, and GARFTase inhibitor compounds and methods of using the same",2018-06-19,2018,
10000499,Methyl diazepane orexin receptor antagonists,2018-06-19,2018,
10000500,Coelenterazine analogues,2018-06-19,2018,
10000501,Inhibitors of HIF prolyl hydroxylase,2018-06-19,2018,
10000502,Substituted thiohydantoin derivatives as androgen receptor antagonists,2018-06-19,2018,
10000503,Power supply system and connector,2018-06-19,2018,
10000504,Pseudopolymorphic forms of a HIV protease inhibitor,2018-06-19,2018,
10000505,Anti-cancer agents and preparation thereof,2018-06-19,2018,
10000506,"Optically active 2-hydroxy tetrahydrothienopyridine derivatives, preparation method and use in manufacture of medicament thereof",2018-06-19,2018,
10000507,Furo- and thieno-pyridine carboxamide compounds useful as pim kinase inhibitors,2018-06-19,2018,
10000508,"Crystalline dimethyl 3-(benzyloxy)-1-(2,2-dimethoxyethyl)-4-oxo-1,4-dihydropyridine-2,5-dicarboxylate",2018-06-19,2018,
10000509,Broad spectrum beta-lactamase inhibitors,2018-06-19,2018,
10000510,Salt forms of ceftolozane,2018-06-19,2018,
10000511,"Small molecules for the modulation of MCL-1 and methods of modulating cell death, cell division, cell differentiation and methods of treating disorders",2018-06-19,2018,
10000512,Compounds for the treatment of infectious diseases,2018-06-19,2018,
10000513,Thienothiophene—boron (donor-acceptor) based materials for organic light emitting diodes,2018-06-19,2018,
10000514,Method for producing tetraalkoxysilane,2018-06-19,2018,
10000515,Hydrosilylation reaction catalyst,2018-06-19,2018,
10000516,Phosphonate compounds for treatment of medical disorders,2018-06-19,2018,
10000517,Organic electroluminescent materials and devices,2018-06-19,2018,
10000518,Stabilisation of radiopharmaceutical precursors,2018-06-19,2018,
10000519,Methods of preparing nicotinamide riboside and derivatives thereof,2018-06-19,2018,
10000520,"B-vitamin and amino acid conjugates ofnicotinoyl ribosides and reduced nicotinoyl ribosides, derivatives thereof, and methods of preparation thereof",2018-06-19,2018,
10000521,Substituted gemcitabine bicyclic amide analogs and treatment methods using same,2018-06-19,2018,
10000522,Derivatives of uridine 5′-cyclophosphate useful to treat hepatitis C viral infections,2018-06-19,2018,
10000523,β-D-2′-deoxy-2′-α-fluoro-2′-β-C-substituted-2-modified-N6-substituted purine nucleotides for HCV treatment,2018-06-19,2018,
10000524,Synthesis of estetrol via estrone derived steroids,2018-06-19,2018,
10000525,Non-hormonal steroid modulators of NF-κB for treatment of disease,2018-06-19,2018,
10000526,"Optimized synthesis of pure, non-polymorphic, crystalline bile acids with defined particle size",2018-06-19,2018,
10000527,"11-substituted bile acid derivatives, process for the preparation thereof and use of these compounds as medicaments",2018-06-19,2018,
10000528,IBAT inhibitors for the treatment of liver diseases,2018-06-19,2018,
10000529,Synthesis of boronic ester and acid compounds,2018-06-19,2018,
10000531,Gamma-AA-peptide STAT3/DNA inhibitors and methods of use,2018-06-19,2018,
10000532,Bone delivery conjugates and method of using same to target proteins to bone,2018-06-19,2018,
10000533,"Immunotherapy against several tumors of the blood, in particular chronic lymphoid leukemia (CLL)",2018-06-19,2018,
10000534,"Peptide having osteoblast proliferation activity and periodontal ligament fibroblast proliferation activity, and use of same",2018-06-19,2018,
10000535,Template-fixed peptidomimetics,2018-06-19,2018,
10000536,Method for coating substrates with at least one monolayer of self-assembling proteins,2018-06-19,2018,
10000537,Polypeptides with permease activity,2018-06-19,2018,
10000538,Molecule for treating an inflammatory disorder,2018-06-19,2018,
10000539,Peptides and combination of peptides for use in immunotherapy against ovarian cancer and other cancers,2018-06-19,2018,
10000540,Fibroblast growth factor mutants having improved functional half-life and methods of their use,2018-06-19,2018,
10000541,Trail cell-penetrating peptide-like mutant MUR6 and preparation method thereof,2018-06-19,2018,
10000542,Double-acylated GLP-1 derivatives,2018-06-19,2018,
10000543,Glucose-regulating polypeptides and methods of making and using same,2018-06-19,2018,
10000544,Process for production of insulin and insulin analogues,2018-06-19,2018,
10000545,CD147 as receptor for pilus-mediated adhesion of Meningococci to vascular endothelia,2018-06-19,2018,
10000546,Compositions and method for use of recombinant T cell receptors for direct recognition of tumor antigen,2018-06-19,2018,
10000547,Peptides and combination of peptides for use in immunotherapy against various tumors,2018-06-19,2018,
10000548,GAL-1 variants having immuno-modulating properties and methods of using the same,2018-06-19,2018,
10000549,Compositions and methods for treatment of hematological malignancies,2018-06-19,2018,
10000550,GITRL-collectin fusion proteins and encoding nucleic acids,2018-06-19,2018,
10000551,"Chimeric polypeptides, polynucleotides encoding same, cells expressing same and methods of producing same",2018-06-19,2018,
10000552,TRAIL cell-penetrating peptide-like mutant MuR5 and preparation method thereof,2018-06-19,2018,
10000553,CD40L-specific TN3-derived scaffolds and methods of use thereof,2018-06-19,2018,
10000554,Modified laminin containing collagen binding molecule and use thereof,2018-06-19,2018,
10000555,Monomethylvaline compounds having phenylalanine side-chain modification at the C-terminus,2018-06-19,2018,
10000556,Single-domain VHH antibodies directed to norovirus GI.1 and GII.4 and their use,2018-06-19,2018,
10000557,Methods for raising antibodies,2018-06-19,2018,
10000558,Use of annexin A3 as a diagnostic and prognostic biomarker and therapeutic target for treating hepatocellular carcinoma,2018-06-19,2018,
10000559,Anti-PHF-tau antibodies and their uses,2018-06-19,2018,
10000560,"Anti-myostatin antibodies, polypeptides containing variant Fc regions, and methods of use",2018-06-19,2018,
10000561,Thymic stromal lymphopoietin (TSLP)-binding molecules and methods of using the molecules,2018-06-19,2018,
10000562,Antibody formulations,2018-06-19,2018,
10000563,Monoclonal antibodies that bind both IL-17A and IL-17F,2018-06-19,2018,
10000564,Methods of treating an inflammatory condition or sensitivity to an allergen with anti-IL-33 antibodies,2018-06-19,2018,
10000565,Use of IL-1 β binding antibodies for treating peripheral arterial disease,2018-06-19,2018,
10000566,Anti-CD33 antibodies and methods for treatment of acute myeloid leukemia using the same,2018-06-19,2018,
10000567,Humanized antibodies to cluster of differentiation 3 (CD3),2018-06-19,2018,
10000568,Compositions and methods for detecting EGFR in cancer,2018-06-19,2018,
10000569,Anti-cMet/anti-EGFR/anti-HER3 multispecific antibodies and use thereof,2018-06-19,2018,
10000570,Antibody variants having modifications in the constant region,2018-06-19,2018,
10000571,Anti-FGFR3 antibodies and methods using same,2018-06-19,2018,
10000572,Method for inhibiting the immune suppressive function of human T regulatory cells by administering an anti-GARP monoclonal antibody,2018-06-19,2018,
10000573,Monoclonal antibody and a method thereof,2018-06-19,2018,
10000574,Compositions comprising polypeptides,2018-06-19,2018,
10000575,Targeting O-acetylated GD2 ganglioside as a new therapeutic and diagnostic strategy for cancer stem cells cancer,2018-06-19,2018,
10000576,Bispecific antigen-binding constructs targeting HER2,2018-06-19,2018,
10000577,Treatment of otitis media,2018-06-19,2018,
10000578,Method for production of cellulose nanocrystals from Miscathus giganteus and composites therefrom,2018-06-19,2018,
10000579,Integrated process to recover a spectrum of bioproducts from fresh seaweeds,2018-06-19,2018,
10000580,"Preparation of poly alpha-1,3-glucan esters and films therefrom",2018-06-19,2018,
10000581,Therapeutic and imaging compositions and uses thereof,2018-06-19,2018,
10000582,Ethylsulfonated hyaluronic acid biopolymers and methods of use thereof,2018-06-19,2018,
10000583,Nano-sized hydrogenated diene-based latex particles,2018-06-19,2018,
10000584,Hydrogenation of nitrile rubber,2018-06-19,2018,
10000585,Process for producing aromatic vinyl/conjugated diene copolymer and product of hydrogenation thereof,2018-06-19,2018,
10000586,Method for producing polyvinyl alcohol,2018-06-19,2018,
10000587,"Cross-linked polyethylene fiber, its use and process for its manufacture",2018-06-19,2018,
10000588,Coating for the inner surface of plastic bottles for protection against degradation from volatile organic compounds,2018-06-19,2018,
10000589,"High performance Ziegler-Natta catalyst systems, process for producing such supported catalysts and use thereof",2018-06-19,2018,
10000590,Mixed decyl mercaptans compositions and use thereof as chain transfer agents,2018-06-19,2018,
10000591,Catalyst system for polymerization of an olefin,2018-06-19,2018,
10000592,Multistage process for producing polyethylene compositions,2018-06-19,2018,
10000593,Supported Salan catalysts,2018-06-19,2018,
10000594,Dual catalyst system for producing LLDPE copolymers with a narrow molecular weight distribution and improved processability,2018-06-19,2018,
10000595,Catalyst systems containing low valent titanium compounds and polymers produced therefrom,2018-06-19,2018,
10000596,Hydrolyzed divinylbenzene/maleic anhydride polymeric material,2018-06-19,2018,
10000597,Water-soluble hydroxyalkyl polymer obtained by a method of inverse suspension or inverse emulsion polymerisation,2018-06-19,2018,
10000598,Methods for preparation of molecularly imprinted polymers for wine extraction,2018-06-19,2018,
10000599,"Phosphorus-containing vinyl polyphenylene ether, resin composition comprising phosphorus-containing vinyl polyphenylene ether and product thereof",2018-06-19,2018,
10000600,Method for producing emulsion polymerisates,2018-06-19,2018,
10000601,Metathesized triacylglycerol polyols for use in polyurethane applications and their related properties,2018-06-19,2018,
10000602,Curable compositions,2018-06-19,2018,
10000603,"Organotin ester polymer compositions, methods of manufacture, and uses thereof",2018-06-19,2018,
10000604,Polymer and compensation film and optical film and display device,2018-06-19,2018,
10000605,Smart polymer materials with excess reactive molecules,2018-06-19,2018,
10000606,Polymer compositions based on PXE,2018-06-19,2018,
10000607,Method for producing polyamide resin,2018-06-19,2018,
10000608,Dynamic urea bonds for reversible and self-healing polymers,2018-06-19,2018,
10000609,"Self-crosslinking polysiloxane-modified polyhydroxy polyurethane resin, resin material containing same, method for producing same, artificial leather comprising same, and thermoplastic polyolefin skin material comprising same",2018-06-19,2018,
10000610,"Process to produce polycarbamate, polycarbamate produced thereby and a coating composition comprising the polycarbamate",2018-06-19,2018,
10000611,Platinum catalyzed hydrosilylation reactions utilizing cyclodiene additives,2018-06-19,2018,
10000612,Methods of making an elastomer composite reinforced with silica and products containing same,2018-06-19,2018,
10000613,Methods of making an elastomer composite reinforced with silica and carbon black and products containing same,2018-06-19,2018,
10000614,Method for the preparation of NFC films on supports,2018-06-19,2018,
10000615,Retaining compressive strength of thermoplastic-toughened epoxy composites under hot and wet conditions,2018-06-19,2018,
10000616,"Weatherable sheet for solar cell module, product obtained using the sheet, and process for producing the weatherable sheet for solar cell module",2018-06-19,2018,
10000617,Method of manufacturing porous fluorine-containing polymer membrane,2018-06-19,2018,
10000618,Polymeric aerogel fibers and fiber webs,2018-06-19,2018,
10000619,Diaphragm,2018-06-19,2018,
10000620,Polyarylene sulfide resin composition and method for producing same,2018-06-19,2018,
10000621,Polyurethane transmission belt and belt-molding material,2018-06-19,2018,
10000622,Glycolurils having functional groups and use thereof,2018-06-19,2018,
10000623,Accelerator compositions and methods,2018-06-19,2018,
10000624,Electrostatic dissipative polyester TPU and compositions thereof,2018-06-19,2018,
10000625,"Flame retarding agent, flame-retardant aqueous resin composition and flame-retardant urethane resin composition containing said flame-retarding agent, and use therefor",2018-06-19,2018,
10000626,Sterically hindered amine and oxyalkyl amine light stabilizers,2018-06-19,2018,
10000628,Polyarylene sulfide resin composition and use of same,2018-06-19,2018,
10000629,Resin composition whose lubricity under wet conditions is maintained,2018-06-19,2018,
10000630,Ethylene interpolymers having improved color,2018-06-19,2018,
10000631,Polypropylene-based resin sheet and formed object,2018-06-19,2018,
10000632,Rubbers with tunable levels of metal containing anti-agglomerants,2018-06-19,2018,
10000633,"Fluorine-containing cyclic olefin polymer composition, imprint product obtained using the composition, and method for producing the same",2018-06-19,2018,
10000634,Resin composition for molding use,2018-06-19,2018,
10000635,Thermoplastic resin composition for automotive interior components and molded article for automotive interior components using the same,2018-06-19,2018,
10000636,Methods for improving chemical and flame resistance with multi-functional photoactive additives,2018-06-19,2018,
10000637,Composition and process for making fine denier polyamide fiber,2018-06-19,2018,
10000638,Storage stabilized devulcanized tire rubber modified asphalt composition and the process for its preparation,2018-06-19,2018,
10000639,Composite wood board,2018-06-19,2018,
10000641,Method and composition for preventing corrosion of metal surfaces,2018-06-19,2018,
10000642,Long wave infrared transparent window and coating materials,2018-06-19,2018,
10000643,Waterborne corrosion resistant organic primer compositions,2018-06-19,2018,
10000644,Conductive water borne coatings and methods for enhancing coating conductivity,2018-06-19,2018,
10000645,Methods of forming solar cells with fired multilayer film stacks,2018-06-19,2018,
10000646,Method for preparing silica nanoparticles,2018-06-19,2018,
10000647,Aqueous pigment dispersion and aqueous ink,2018-06-19,2018,
10000648,Photo-curable ink composition,2018-06-19,2018,
10000649,Active energy ray-curable inkjet ink composition,2018-06-19,2018,
10000650,Ink set and recording apparatus,2018-06-19,2018,
10000651,"Metal nanoparticle composite body, metal colloidal solution, and methods for producing these",2018-06-19,2018,
10000652,Process for depositing metal on a substrate,2018-06-19,2018,
10000653,Printing ink dispersions comprising discrete carbon nanotubes,2018-06-19,2018,
10000654,Automotive plastic panel,2018-06-19,2018,
10000655,Hard coating composition,2018-06-19,2018,
10000656,"Ink, recorded matter, ink container, recording device, and recording method",2018-06-19,2018,
10000657,"Fluorine-containing urethane (meth)acrylate, curable composition, and antireflective film",2018-06-19,2018,
10000658,"Metallizable, scratch-resistant and solvent-resistant film",2018-06-19,2018,
10000659,Insulating layer-forming composition and use thereof,2018-06-19,2018,
10000660,Thiol-functional compound,2018-06-19,2018,
10000661,Nitrofunctional polyurethane dispersions for binder compositions,2018-06-19,2018,
10000662,Thermoplastic composite material reinforced with synthetic fibers and manufacturing process,2018-06-19,2018,
10000663,"Protective flowable or spreadable composition, articles of manufacture, an apparatus for manufacture and a process for manufacture thereof",2018-06-19,2018,
10000664,Underlayer film-forming composition for self-assembled films,2018-06-19,2018,
10000665,Hybrid material for optoelectronic applications,2018-06-19,2018,
10000666,Insulative products having bio-based binders,2018-06-19,2018,
10000667,Multilayer film for decorative molding,2018-06-19,2018,
10000668,Adhesive sheet,2018-06-19,2018,
10000669,Method of making a cable wrap,2018-06-19,2018,
10000670,Silver sintering compositions with fluxing or reducing agents for metal adhesion,2018-06-19,2018,
10000671,Electrically conductive adhesives comprising at least one metal precursor,2018-06-19,2018,
10000672,Spray can with pre-mixed fiberglass and resin,2018-06-19,2018,
10000673,Composition for structural adhesive,2018-06-19,2018,
10000674,Polypropylene based hot-melt adhesive composition,2018-06-19,2018,
10000675,Temporary adhesive with tunable adhesion force sufficient for processing thin solid materials,2018-06-19,2018,
10000676,Shaped abrasive particles and methods of forming same,2018-06-19,2018,
10000677,"Method of making ceramic shaped abrasive particles, sol-gel composition, and ceramic shaped abrasive particles",2018-06-19,2018,
10000678,"Ice-resistant paint for wind turbine blades, procedure for its preparation, use and wind turbine blade coated with the ice-resistant paint",2018-06-19,2018,
10000679,Phenolic resin composition,2018-06-19,2018,
10000680,High temperature stable thermally conductive materials,2018-06-19,2018,
10000681,Hollow hydrogel capsules and methods of using the same,2018-06-19,2018,
10000682,Methods of drilling,2018-06-19,2018,
10000683,Drilling fluids with crosslinked sulfonate-containing polymers dispersed in high density brines,2018-06-19,2018,
10000684,"Drilling fluid additive composition, and oil-based drilling fluid and use thereof",2018-06-19,2018,
10000685,Traceable polymeric additives for use in subterranean formations,2018-06-19,2018,
10000686,Methods for treating a well bore within an underground formation,2018-06-19,2018,
10000687,Smart water flooding processes for increasing hydrocarbon recovery,2018-06-19,2018,
10000688,Composition and method for enhanced hydrocarbon recovery,2018-06-19,2018,
10000689,Fluid composition for stimulation in the field of oil or gas production,2018-06-19,2018,
10000690,Ceramic particles with controlled pore and/or microsphere placement and/or size and method of making same,2018-06-19,2018,
10000691,Variably tacky proppants,2018-06-19,2018,
10000692,Fracturing or gravel-packing fluid with CMHEC in brine,2018-06-19,2018,
10000693,Methods and compositions for use in oil and/or gas wells,2018-06-19,2018,
10000694,Materials for organic electroluminescent devices,2018-06-19,2018,
10000695,"Method of manufacturing fluoride phosphor, white light emitting apparatus, display apparatus, and lighting device",2018-06-19,2018,
10000696,"Light-emitting ceramic, light-emitting element, and light-emitting device",2018-06-19,2018,
10000697,Magnesium alumosilicate-based phosphor,2018-06-19,2018,
10000698,Transparent ceramic garnet scintillator detector for positron emission tomography,2018-06-19,2018,
10000699,Phosphor-nanoparticle combinations,2018-06-19,2018,
10000700,Nematic liquid crystal composition,2018-06-19,2018,
10000701,"Cured-film formation composition, orientation material, and retardation material",2018-06-19,2018,
10000702,"Liquid crystal alignment agent, liquid crystal alignment film, and liquid crystal display element",2018-06-19,2018,
10000703,Catalytic fast pyrolysis process,2018-06-19,2018,
10000704,"Systems and methods for controlling, monitoring, and operating remote oil and gas field equipment over a data network with applications to raw natural gas processing and flare gas capture",2018-06-19,2018,
10000705,Apparatus for producing high VCM coke,2018-06-19,2018,
10000706,Serpentine fluid reactor components,2018-06-19,2018,
10000707,Pinned furnace tubes,2018-06-19,2018,
10000708,Method for heating crude,2018-06-19,2018,
10000709,Hydrocarbon resource processing device including radio frequency applicator and related methods,2018-06-19,2018,
10000710,Pyrolysis tar upgrading process,2018-06-19,2018,
10000711,Method and plant for obtaining crude oil products,2018-06-19,2018,
10000712,Hydroprocessing of biodiesel fuels and blends,2018-06-19,2018,
10000713,Configurations and methods of flexible CO2 removal,2018-06-19,2018,
10000714,Iron oxide nanoparticle dispersions and fuel additives for soot combustion,2018-06-19,2018,
10000715,Catalytic depolymerisation of polymeric materials,2018-06-19,2018,
10000716,Aqueous low friction coating for telecommunication cables,2018-06-19,2018,
10000717,Lubricating oil compositions containing encapsulated microscale particles,2018-06-19,2018,
10000718,"Sulphur-bridged compounds, use thereof and process for production thereof",2018-06-19,2018,
10000719,Lubricating oil composition,2018-06-19,2018,
10000720,Lubricant compositions containing beta-glucans,2018-06-19,2018,
10000721,Lubricating oil compositions with engine wear protection,2018-06-19,2018,
10000722,Refrigeration machine oil composition,2018-06-19,2018,
10000723,Distillation system,2018-06-19,2018,
10000724,Metathesized triacylglycerol green polyols from palm oil for use in polyurethane applications and their related properties,2018-06-19,2018,
10000725,Solid fast draining/drying rinse aid for high total dissolved solid water conditions,2018-06-19,2018,
10000726,High performance low viscoelasticity foaming detergent compositions employing extended chain anionic surfactants,2018-06-19,2018,
10000727,Packaged composition,2018-06-19,2018,
10000728,Cleaning composition with propellant,2018-06-19,2018,
10000729,Apparatus and method for aging liquids,2018-06-19,2018,
10000730,Biomaterial handling device,2018-06-19,2018,
10000731,Enzymatic transesterification/esterification processes employing lipases immobilized on hydrophobic resins in the presence of water solutions,2018-06-19,2018,
10000732,Microfluidic dual-well device for highthroughput single-cell capture and culture,2018-06-19,2018,
10000733,Method for affecting phenotypic activity of endophytic fungi,2018-06-19,2018,
10000734,Method for evaluating cell populations,2018-06-19,2018,
10000735,Method for differentiating pluripotent stem cell induced from mesenchymal stem cell into neuron,2018-06-19,2018,
10000736,Method for priming of T cells,2018-06-19,2018,
10000737,Generation of cytotoxic tumor specific cell lines and uses thereof,2018-06-19,2018,
10000738,Usage of odontogenic stem cells and genetically modified odontogenic stem cells,2018-06-19,2018,
10000739,Method and culture medium for improving pluripotent stem cell differentiation inducing efficiency,2018-06-19,2018,
10000740,In vitro production of foregut stem cells,2018-06-19,2018,
10000741,Compositions and methods for enhanced gene expression in cone cells,2018-06-19,2018,
10000742,Device and method of collection for RNA viruses,2018-06-19,2018,
10000743,2-deoxy-scyllo-inosose reductase,2018-06-19,2018,
10000744,"Engineered enzyme having acetoacetyl-CoA hydrolase activity, microorganisms comprising same, and methods of using same",2018-06-19,2018,
10000745,Therapeutic nuclease compositions and methods,2018-06-19,2018,
10000746,LAGLIDADG homing endonuclease cleaving the T cell receptor alpha gene and uses thereof,2018-06-19,2018,
10000747,Endoglycosidase mutants for glycoprotein remodeling and methods of using it,2018-06-19,2018,
10000748,Factor IX variants with clotting activity in absence of their cofactor and/or with increased F.IX clotting activity and their use for treating bleeding disorders,2018-06-19,2018,
10000749,"Valencene synthase polypeptides, encoding nucleic acid molecules and uses thereof",2018-06-19,2018,
10000750,Method of isolating nucleic acid,2018-06-19,2018,
10000751,Method and apparatus for isolating nucleic acids,2018-06-19,2018,
10000752,Antagonat compositions and methods of use,2018-06-19,2018,
10000753,Age-related macular degeneration treatment,2018-06-19,2018,
10000754,RNA interference mediated inhibition of gene expression using chemically modified short interfering nucleic acid (siNA),2018-06-19,2018,
10000755,Use of the chromosome 19 microRNA cluster (C19MC) for treating microbial disease and promoting authophagy,2018-06-19,2018,
10000756,"Lin28/let-7 crystal structures, purification protocols, and molecular probes suitable for screening assays and therapeutics",2018-06-19,2018,
10000757,Gene vector,2018-06-19,2018,
10000758,"Microorganisms and methods for enhancing the availability of reducing equivalents in the presence of methanol, for producing methacrylic acid",2018-06-19,2018,
10000759,Yeast alleles involved in maximal alcohol accumulation capacity and tolerance to high alcohol levels,2018-06-19,2018,
10000760,"Yeast with high content of Abu, γ-Glu-Abu, and/or γ-Glu-Abu-Gly",2018-06-19,2018,
10000761,DNA molecule used for recombinant Pichia plasmid and recombinant Pichia strain expressing PprI protein of Deinococcus radiodurans,2018-06-19,2018,
10000762,Sorghum-derived transcription regulatory elements predominantly active in root hair cells and uses thereof,2018-06-19,2018,
10000763,"Method for regulating expression of specific protein using cytokinin-responsive transcription factor, isoprenoid-producing plant having gene encoding cytokinin-responsive transcription factor introduced therein, and method for producing polyisoprenoid using said isoprenoid-producing plant",2018-06-19,2018,
10000764,Gene for increasing plant weight and method for using the same,2018-06-19,2018,
10000765,"Gene encoding cytochrome P450, and use thereof",2018-06-19,2018,
10000766,"Recombinant construct, recombinant microorganism, recombinant plant cell and method of providing plant with resistance against DNA virus and RNA virus",2018-06-19,2018,
10000767,Methods and compositions for plant pest control,2018-06-19,2018,
10000768,Compositions and methods for increasing nematode resistance in plants,2018-06-19,2018,
10000769,Bacillus thuringiensis genes with lepidopteran activity,2018-06-19,2018,
10000770,Methods of expressing products in mammalian cells,2018-06-19,2018,
10000771,Nuclear targeting sequences,2018-06-19,2018,
10000772,Methods and compositions for RNA-directed target DNA modification and for RNA-directed modulation of transcription,2018-06-19,2018,
10000773,Cytochrome P450 and use thereof for the enzymatic oxidation of terpenes,2018-06-19,2018,
10000774,Transformant for expressing cis-prenyltranferase and Nogo B receptor,2018-06-19,2018,
10000775,Biosynthesis of 1-undecene and related terminal olefins,2018-06-19,2018,
10000776,Gas phase biocatalysis method and process,2018-06-19,2018,
10000777,Method for employing corn plant material comprising cobs in the manufacture of ethanol,2018-06-19,2018,
10000778,Conversion systems for biomass,2018-06-19,2018,
10000779,Two-stage continuous process for producing a solvent,2018-06-19,2018,
10000780,"Endoglucanase variants having improved activity, and uses of same",2018-06-19,2018,
10000781,Methods for nucleic acid manipulation,2018-06-19,2018,
10000782,Recombinant host cell for the biosynthesis of vanillin or vanillin beta-D-glucoside,2018-06-19,2018,
10000783,Steviol glucosyltransferases and genes encoding the same,2018-06-19,2018,
10000784,Creatinine biosensor and method of using the same,2018-06-19,2018,
10000785,Composition of redox-reagents for electrochemical biosensor and biosensor comprising the same,2018-06-19,2018,
10000786,Method and equipment for the automated testing of microbiological samples,2018-06-19,2018,
10000787,Methods for diagnosing bacterial infections,2018-06-19,2018,
10000788,Rapid and sensitive detection of molecules,2018-06-19,2018,
10000789,"Cellular probe device, system and analysis method",2018-06-19,2018,
10000790,Materials and methods for rapid visualization of NAD(P)H,2018-06-19,2018,
10000791,Measurement method for human pancreatic lipase activity,2018-06-19,2018,
10000792,Methods for cyclic nucleotide determination,2018-06-19,2018,
10000793,"Method for enumeration of mammalian cell micronuclei, while distinguishing chromatin of dead and dying cells",2018-06-19,2018,
10000794,Droplet storage method,2018-06-19,2018,
10000795,Stabilizing compositions and methods for extraction of ribonucleic acid,2018-06-19,2018,
10000796,On-slide staining by primer extension,2018-06-19,2018,
10000797,Methods and systems for performing digital measurements,2018-06-19,2018,
10000798,Polymerase-nucleic acid complex,2018-06-19,2018,
10000799,Methods of sequencing with linked fragments,2018-06-19,2018,
10000800,Nucleic acid constructs and methods of use,2018-06-19,2018,
10000801,Four-color DNA sequencing by synthesis using cleavable fluorescent nucleotide reversible terminators,2018-06-19,2018,
10000802,Sequencing method,2018-06-19,2018,
10000803,Polynucleotide mapping and sequencing,2018-06-19,2018,
10000804,Methods of macromolecular analysis using nanochannel arrays,2018-06-19,2018,
10000805,Isolation of polymerase-nucleic acid complexes,2018-06-19,2018,
10000806,Triplex event-specific reaction used to quantify specific events and possible contaminating events,2018-06-19,2018,
10000807,Materials and methods for identifying gyrase inhibitors,2018-06-19,2018,
10000808,Methods of detecting cervical cancer,2018-06-19,2018,
10000809,Methods for determining risk of chronic lung allograft dysfunction (CLAD) and subtypes thereof,2018-06-19,2018,
10000810,MiRNA fingerprint in the diagnosis of multiple sclerosis,2018-06-19,2018,
10000811,"Markers to predict macrocyclic lactone drug resistance in dirofilaria immitis, the causative agent of heartworm disease",2018-06-19,2018,
10000812,Treatment of disease,2018-06-19,2018,
10000813,Method of diagnosing and treating cancer using B-catenin splice variants,2018-06-19,2018,
10000814,ALK and NTRK1 fusion molecules and uses thereof,2018-06-19,2018,
10000815,Method to determine responsiveness of cancer to epidermal growth factor receptor targeting treatments,2018-06-19,2018,
10000816,Method for detecting an increased risk of developing skin cancer and a use of a genotype variant of the GRHL3 gene,2018-06-19,2018,
10000817,Mutation detection assay,2018-06-19,2018,
10000818,Prevention and diagnosis of visceral fat,2018-06-19,2018,
10000819,Sequences and their use for detection and characterization of E. coli O157:H7,2018-06-19,2018,
10000820,Genetic loci associated with resistance of soybean to cyst nematode and methods of use,2018-06-19,2018,
10000821,Direct smelting process,2018-06-19,2018,
10000822,Method for hardening sheet metal material,2018-06-19,2018,
10000823,Method and device for partially hardening sheet metal components,2018-06-19,2018,
10000824,Material for cold-rolled stainless steel sheet and production method therefor,2018-06-19,2018,
10000825,"Process, method and plant for recovering scandium",2018-06-19,2018,
10000826,Alpha-beta titanium alloy having improved elevated temperature properties and superplasticity,2018-06-19,2018,
10000827,Method of forming a sintered nickel-titanium-rare earth (Ni—Ti—RE) alloy,2018-06-19,2018,
10000828,"Aluminum alloy having an excellent combination of strength, extrudability and corrosion resistance",2018-06-19,2018,
10000829,Hot-rolled steel sheet,2018-06-19,2018,
10000830,Method for manufacturing martensite-based precipitation strengthening stainless steel,2018-06-19,2018,
10000831,Highly durable coil spring steel,2018-06-19,2018,
10000832,Duplex stainless steel,2018-06-19,2018,
10000833,"Thick, tough, high tensile strength steel plate and production method therefor",2018-06-19,2018,
10000834,Bulk nickel-chromium-phosphorus glasses bearing niobium and boron exhibiting high strength and/or high thermal stability of the supercooled liquid,2018-06-19,2018,
10000835,Cooling method and cooling device for Al alloy manufactured casting,2018-06-19,2018,
10000836,Low-cost fine-grain weak-texture magnesium alloy sheet and method of manufacturing the same,2018-06-19,2018,
10000837,Methods and apparatus for forming bulk metallic glass parts using an amorphous coated mold to reduce crystallization,2018-06-19,2018,
10000838,Titanium alloys exhibiting resistance to impact or shock loading,2018-06-19,2018,
10000839,Thermal spray composition and component made therewith,2018-06-19,2018,
10000840,Piston ring for internal combustion engines,2018-06-19,2018,
10000841,Hydrophilic-hydrophobic transformable composite film and the method of fabricating the same,2018-06-19,2018,
10000842,"Oxide sintered body, sputtering target, and oxide semiconductor thin film obtained using sputtering target",2018-06-19,2018,
10000843,Coating process for non-conductive substrates and devices made from the coating process,2018-06-19,2018,
10000844,"Magnetic field generator, magnetron cathode and spattering apparatus",2018-06-19,2018,
10000845,MOCVD system for growth of III-nitride and other semiconductors,2018-06-19,2018,
10000846,"Method for producing a tribologically distressed laminate, a laminate and use of an organometallic compound for producing a functional layer of the laminate",2018-06-19,2018,
10000847,Graphite susceptor,2018-06-19,2018,
10000848,Method and use of a binder for providing a metallic coat covering a surface,2018-06-19,2018,
10000849,"Laminate, packaging material using the same and production process for the same",2018-06-19,2018,
10000850,Deposition method and method of manufacturing a catalyst wire for a catalytic chemical vapor deposition apparatus,2018-06-19,2018,
10000851,Cold spray manufacturing of MAXMET composites,2018-06-19,2018,
10000852,Method of forming metal deposits on ultrahard materials,2018-06-19,2018,
10000853,System and method for controllable non-volatile metal removal,2018-06-19,2018,
10000854,Method for preventing elution of Bi from copper alloy,2018-06-19,2018,
10000855,Multi-stack electrochemical compressor system and method for operating,2018-06-19,2018,
10000856,Electrochemical cell having a cascade seal configuration and hydrogen reclamation,2018-06-19,2018,
10000857,Segmented capping board and contact bar assembly and methods in hydrometallurgical refining,2018-06-19,2018,
10000858,"Bath for surface treatment, method of producing surface-treated steel plate by using the bath for surface treatment, and surface treated steel plate produced by the same method",2018-06-19,2018,
10000859,Hard aluminum films formed using high current density plating,2018-06-19,2018,
10000860,Methods of electrochemical deposition for void-free gap fill,2018-06-19,2018,
10000861,Coated substrate for packaging applications and a method for producing said coated substrate,2018-06-19,2018,
10000862,Method of making quantum dots,2018-06-19,2018,
10000863,"Method for cleaning single crystal pulling apparatus, cleaning tool for use therein, and method for manufacturing single crystal",2018-06-19,2018,
10000864,Group 13 element nitride crystal layer and function element,2018-06-19,2018,
10000865,Apparatus for producing nanobodies via shear flow formation,2018-06-19,2018,
10000866,Drafting device for spinning-knitting machines,2018-06-19,2018,
10000867,Device and method for determining the diameter of a yarn balloon formed by a running yarn at a workstation of a textile machine,2018-06-19,2018,
10000868,Reinforcing cord for rubber and rubber product using the same,2018-06-19,2018,
10000869,Industrial two-layered fabric,2018-06-19,2018,
10000870,Conductive line stitching method,2018-06-19,2018,
10000871,Sewing machine and thread spool device,2018-06-19,2018,
10000872,Sewing machine,2018-06-19,2018,
10000873,Apparatus for the treatment of strand-like textile material,2018-06-19,2018,
10000874,Tubless washing machine,2018-06-19,2018,
10000875,Washing machine appliance out-of-balance detection,2018-06-19,2018,
10000876,Washing machine appliance out-of-balance detection,2018-06-19,2018,
10000877,Washing machine appliance out-of-balance detection,2018-06-19,2018,
10000879,Laundry treating apparatus,2018-06-19,2018,
10000880,Laundry wash water recycle system,2018-06-19,2018,
10000881,Method for antimicrobial fabric application,2018-06-19,2018,
10000882,Method for operating a washing machine,2018-06-19,2018,
10000883,Overflow pan for an appliance,2018-06-19,2018,
10000884,Washing machine,2018-06-19,2018,
10000885,Washing machine and washing method thereof,2018-06-19,2018,
10000886,Fastener for hanging clothes,2018-06-19,2018,
10000887,Hair extension drying apparatus,2018-06-19,2018,
10000888,Applique to provide a design on a fabric,2018-06-19,2018,
10000889,High yield and enhanced performance fiber,2018-06-19,2018,
10000890,Low viscosity kraft fiber having reduced yellowing properties and methods of making and using the same,2018-06-19,2018,
10000891,Biomass process optimisation,2018-06-19,2018,
10000892,Evacuated tube and capsule having interchange capability,2018-06-19,2018,
10000893,Machine for preparing and laying a bituminous carpet for closing micro-trenches,2018-06-19,2018,
10000894,"Spray bar assembly for machine system, and method",2018-06-19,2018,
10000895,Rotating hydraulic gear motor,2018-06-19,2018,
10000896,Two-layer concrete pavement forming device and pavement method using normal concrete and high-performance concrete,2018-06-19,2018,
10000897,Driving device in a self-propelled construction machine and method for setting a speed ratio in such a driving device,2018-06-19,2018,
10000898,Ground milling machine and method for adjusting the stripping plate of a ground milling machine,2018-06-19,2018,
10000899,Fire protection device for a structural cable,2018-06-19,2018,
10000900,Handheld blower having engine cooling flow,2018-06-19,2018,
10000901,Snow shovel,2018-06-19,2018,
10000902,Removable dock bracket support,2018-06-19,2018,
10000903,Casing assembly for forming CIP retaining wall and method for forming CIP retaining walls using the casing assembly,2018-06-19,2018,
10000904,Securing system for basketball pole,2018-06-19,2018,
10000905,Cutterhead debris guard,2018-06-19,2018,
10000906,Shovel,2018-06-19,2018,
10000907,Lift arm vehicle window,2018-06-19,2018,
10000908,Hybrid-type working machine,2018-06-19,2018,
10000909,Control device for hydraulic equipment,2018-06-19,2018,
10000910,Shovel,2018-06-19,2018,
10000911,Abnormality diagnostic system for work system of construction machinery and method using the same,2018-06-19,2018,
10000912,Freeze prediction system,2018-06-19,2018,
10000913,Magnetic docking faucet,2018-06-19,2018,
10000914,Plumbing fixture with user interface,2018-06-19,2018,
10000916,Auxiliary water receptacle apparatus,2018-06-19,2018,
10000917,"Systems, devices, and/or methods for managing toilet fragrances",2018-06-19,2018,
10000918,"Toilet system for a lavatory of a vehicle, lavatory of a vehicle, and aircraft with such a lavatory",2018-06-19,2018,
10000919,Connection structure of column and beam and method for connecting column and beam,2018-06-19,2018,
10000920,Fire-fighting wall-casing system,2018-06-19,2018,
10000921,Expansion joint seal system with internal intumescent springs providing fire retardancy,2018-06-19,2018,
10000922,Construction boards with coated inorganic facer,2018-06-19,2018,
10000923,Fire blocking reveal,2018-06-19,2018,
10000924,Establishing barriers with modular wall structures,2018-06-19,2018,
10000925,Moisture collection and drainage system within an exterior stucco wall construction,2018-06-19,2018,
10000926,Retractable roof system,2018-06-19,2018,
10000927,Modular construction block,2018-06-19,2018,
10000928,Tie for composite wall system that is both screwable and axially pushable,2018-06-19,2018,
10000929,Shingle with reinforcement member,2018-06-19,2018,
10000930,Spaced vent for metal roofs,2018-06-19,2018,
10000931,Apparatus and method for moss remediation,2018-06-19,2018,
10000932,"Device for fixing a gutter to a building construction, building construction with such a device, fixing member, support member",2018-06-19,2018,
10000933,Flatpack gutter trap,2018-06-19,2018,
10000934,Peripheral sealing gland for elongate objects passing through a surface or beyond a pipe end,2018-06-19,2018,
10000935,Vertical joint system and associated surface covering system,2018-06-19,2018,
10000936,"Floor panel, as well as method, device and accessories for manufacturing such floor panel",2018-06-19,2018,
10000937,Inflatable connector,2018-06-19,2018,
10000938,Concrete void forming method and device,2018-06-19,2018,
10000939,Single container wind resistant modular ISO building,2018-06-19,2018,
10000940,Business productivity room,2018-06-19,2018,
10000941,Modular storage system,2018-06-19,2018,
10000942,Collapsible all-terrain cot or tent apparatus,2018-06-19,2018,
10000943,Beautification and privacy fence panel system and uses thereof,2018-06-19,2018,
10000944,Gate latch,2018-06-19,2018,
10000945,Universal electronics lock,2018-06-19,2018,
10000946,Arresting element and handle,2018-06-19,2018,
10000947,Auto-lock system for door window frame lateral retention,2018-06-19,2018,
10000948,Crash safety locking device for a motor vehicle door,2018-06-19,2018,
10000949,Apparatus and method for preventing undesired engagement of hold open lever in a latch,2018-06-19,2018,
10000950,Latch assembly and tailgate for vehicle,2018-06-19,2018,
10000952,Hinge kit and related methods,2018-06-19,2018,
10000953,Micro-hinge for an electronic device,2018-06-19,2018,
10000954,Micro-hinge for an electronic device,2018-06-19,2018,
10000955,Biaxial hinge and terminal device using the same,2018-06-19,2018,
10000956,"Break away door, trip unit and circuit breaker assembly including same",2018-06-19,2018,
10000957,Door closer assembly,2018-06-19,2018,
10000958,Intelligent sensing edge and control system,2018-06-19,2018,
10000959,Vehicle door opening and closing control device,2018-06-19,2018,
10000960,Drive device for a movable barrier,2018-06-19,2018,
10000961,Temperature control for powered vehicle doors,2018-06-19,2018,
10000962,Guiding device for a sliding door,2018-06-19,2018,
10000963,Two part spacer with overlapping surfaces,2018-06-19,2018,
10000964,Connectors for spacers of insulating glass units and spacer comprising a connector for an insulating glass unit,2018-06-19,2018,
10000965,Insulating glass unit transparent conductive coating technology,2018-06-19,2018,
10000967,Curtain blinds spring motor elasticity maintaining structure,2018-06-19,2018,
10000968,Electromechanical actuator and home automation installation comprising such an electromechanical actuator,2018-06-19,2018,
10000969,Access control apparatus,2018-06-19,2018,
10000970,Downhole drilling assembly with motor powered hammer and method of using same,2018-06-19,2018,
10000971,Steering tool with eccentric sleeve and method of use,2018-06-19,2018,
10000972,Downhole adjustable bent motor,2018-06-19,2018,
10000973,Reamer for use in drilling operations,2018-06-19,2018,
10000974,Methods for forming earth-boring tools having cutting elements mounted in cutting element pockets and tools formed by such methods,2018-06-19,2018,
10000975,Cutting element,2018-06-19,2018,
10000976,Cutting element,2018-06-19,2018,
10000977,Drill bit with self-adjusting pads,2018-06-19,2018,
10000978,Tubular centralizer,2018-06-19,2018,
10000979,Earth drilling device and method,2018-06-19,2018,
10000980,Conveyor apparatus,2018-06-19,2018,
10000981,Back pressure control system,2018-06-19,2018,
10000982,Release valve used in an inner tube assembly for use with a core barrel,2018-06-19,2018,
10000983,Flow back jet pump,2018-06-19,2018,
10000984,Wellbore fluid used with oil-swellable elements,2018-06-19,2018,
10000985,Protective sheath for logging tools,2018-06-19,2018,
10000986,Dual string section mill,2018-06-19,2018,
10000987,Blowout preventer monitoring system and method of using same,2018-06-19,2018,
10000988,Seal assemblies in subsea rotating control devices,2018-06-19,2018,
10000989,Resin system for composite downhole frac plug and bridge plug tools and related methods,2018-06-19,2018,
10000990,System and method for creating a sealing tubular connection in a wellbore,2018-06-19,2018,
10000991,Frac plug,2018-06-19,2018,
10000992,Downhole bypass tool,2018-06-19,2018,
10000993,Multi-gauge wrap wire for subterranean sand screen,2018-06-19,2018,
10000994,Multi-shot charge for perforating gun,2018-06-19,2018,
10000995,Completion systems including an expansion joint and a wet connect,2018-06-19,2018,
10000996,Flow device and methods of creating different pressure drops based on a direction of flow,2018-06-19,2018,
10000997,Longitudinal positioning tool for a rod string,2018-06-19,2018,
10000998,Recovery from a hydrocarbon reservoir,2018-06-19,2018,
10000999,Apparatus for the inductive heating of oil sand and heavy oil deposits by way of current-carrying conductors,2018-06-19,2018,
10001000,Simulating well system fluid flow based on a pressure drop boundary condition,2018-06-19,2018,
10001001,"Apparatus and method for perforating a wellbore casing, and method and apparatus for fracturing a formation",2018-06-19,2018,
10001002,Particle dust control with liquid binding agents,2018-06-19,2018,
10001003,Multl-stage fracture injection process for enhanced resource production from shales,2018-06-19,2018,
10001004,Closed loop model predictive control of directional drilling attitude,2018-06-19,2018,
10001005,Drill bit with hydraulically adjustable axial pad for controlling torsional fluctuations,2018-06-19,2018,
10001006,Ranging using current profiling,2018-06-19,2018,
10001007,Well logging with autonomous robotic diver,2018-06-19,2018,
10001008,System and method for providing broadband communications over power cabling,2018-06-19,2018,
10001009,Pumpable mine ventilation structure,2018-06-19,2018,
10001010,Axial piston machine utilizing a bent-axis construction with slippers on the drive flange,2018-06-19,2018,
10001011,Rotary piston engine with operationally adjustable compression,2018-06-19,2018,
10001012,Turbine wheel of an exhaust-gas turbocharger,2018-06-19,2018,
10001013,Turbine rotor blades with platform cooling arrangements,2018-06-19,2018,
10001014,Turbine bucket profile,2018-06-19,2018,
